ms,s,p,v,dv0,dv1,dv2,dv3,sum
220.0,0.22,-4.27,0.0,0.36,0.11,0.27,0.09,0.83
322.0,0.322,1.03,4.56,0.31,0.06,0.22,0.0,0.59
425.0,0.425,-3.84,0.0,0.27,0.12,0.16,0.04,0.5900000000000001
528.0,0.528,-0.47,0.0,0.31,0.12,0.24,0.0,0.6699999999999999
648.0,0.648,-0.27,0.0,0.29,0.15,0.27,0.01,0.72
749.0,0.749,0.98,4.44,0.3,0.19,0.11,0.04,0.64
852.0,0.852,-4.27,0.0,0.29,0.11,0.18,0.01,0.59
955.0,0.955,1.65,5.77,0.38,0.11,0.1,0.0,0.59
1057.0,1.057,0.86,4.16,0.31,0.07,0.19,0.02,0.5900000000000001
1160.0,1.16,1.37,5.26,0.33,0.11,0.2,0.03,0.67
1262.0,1.262,-0.9,0.0,0.31,0.1,0.22,0.0,0.63
1366.0,1.366,0.64,3.58,0.31,0.11,0.09,0.0,0.51
1468.0,1.468,-4.26,0.0,0.36,0.07,0.32,0.08,0.83
1570.0,1.57,1.15,4.8,0.31,0.12,0.16,0.0,0.59
1673.0,1.673,-4.27,0.0,0.31,0.15,0.19,0.05,0.7
1775.0,1.775,1.99,6.33,0.42,0.1,0.19,0.0,0.71
1878.0,1.878,-0.47,0.0,0.32,0.14,0.21,0.09,0.76
1979.0,1.979,0.93,4.31,0.27,0.16,0.09,0.05,0.5700000000000001
2083.0,2.083,-4.05,0.0,0.39,0.08,0.19,0.06,0.72
2184.0,2.184,0.93,4.31,0.4,0.05,0.19,0.0,0.64
2285.0,2.285,-0.9,0.0,0.31,0.09,0.28,0.11,0.79
2385.0,2.385,1.15,4.8,0.31,0.08,0.22,0.02,0.63
2487.0,2.487,2.33,6.85,0.38,0.06,0.18,0.0,0.62
2588.0,2.588,-0.27,0.0,0.34,0.08,0.29,0.09,0.7999999999999999
2689.0,2.689,0.35,2.67,0.36,0.07,0.24,0.0,0.6699999999999999
2790.0,2.79,-0.27,0.0,0.4,0.07,0.21,0.0,0.68
2890.0,2.89,0.24,2.18,0.34,0.11,0.15,0.06,0.6599999999999999
2992.0,2.992,1.26,5.04,0.32,0.07,0.21,0.0,0.6
3093.0,3.093,0.81,4.03,0.33,0.12,0.28,0.07,0.8
3194.0,3.194,-4.27,0.0,0.28,0.1,0.18,0.04,0.6000000000000001
3295.0,3.295,0.42,2.89,0.26,0.16,0.12,0.0,0.54
3396.0,3.396,-2.37,0.0,0.37,0.12,0.14,0.09,0.72
3497.0,3.497,0.92,4.3,0.32,0.14,0.12,0.0,0.5800000000000001
3602.0,3.602,-1.74,0.0,0.35,0.07,0.22,0.0,0.64
3702.0,3.702,-1.95,0.0,0.42,0.1,0.19,0.0,0.71
3803.0,3.803,1.88,6.15,0.42,0.06,0.18,0.0,0.6599999999999999
3904.0,3.904,0.87,4.17,0.31,0.05,0.18,0.0,0.54
4005.0,4.005,0.18,1.92,0.37,0.11,0.17,0.03,0.68
4107.0,4.107,0.58,3.42,0.35,0.12,0.22,0.0,0.69
4208.0,4.208,-1.32,0.0,0.36,0.11,0.17,0.06,0.7
4310.0,4.31,1.49,5.47,0.34,0.05,0.29,0.0,0.6799999999999999
4411.0,4.411,0.35,2.67,0.34,0.13,0.22,0.03,0.7200000000000001
4512.0,4.512,-4.27,0.0,0.37,0.1,0.18,0.0,0.6499999999999999
4613.0,4.613,0.75,3.88,0.37,0.09,0.12,0.0,0.58
4714.0,4.714,-4.27,0.0,0.29,0.12,0.17,0.04,0.62
4814.0,4.814,0.92,4.3,0.36,0.12,0.12,0.0,0.6
4916.0,4.916,-3.21,0.0,0.39,0.03,0.21,0.0,0.63
5019.0,5.019,0.81,4.03,0.31,0.07,0.16,0.0,0.54
5121.0,5.121,1.55,5.57,0.36,0.1,0.25,0.07,0.78
5222.0,5.222,0.42,2.89,0.27,0.12,0.25,0.18,0.8200000000000001
5323.0,5.323,1.32,5.15,0.34,0.1,0.24,0.0,0.68
5425.0,5.425,-1.32,0.0,0.4,0.09,0.23,0.0,0.72
5525.0,5.525,-1.95,0.0,0.33,0.11,0.31,0.12,0.87
5625.0,5.625,0.18,1.92,0.38,0.07,0.25,0.0,0.7
5727.0,5.727,-0.9,0.0,0.39,0.06,0.26,0.0,0.71
5827.0,5.827,-2.37,0.0,0.35,0.11,0.17,0.0,0.63
5928.0,5.928,0.92,4.3,0.34,0.08,0.21,0.0,0.63
6030.0,6.03,0.18,1.92,0.32,0.12,0.23,0.07,0.74
6131.0,6.131,-4.27,0.0,0.33,0.09,0.32,0.13,0.87
6232.0,6.232,1.72,5.87,0.39,0.09,0.25,0.0,0.73
6333.0,6.333,0.13,1.61,0.36,0.11,0.23,0.03,0.73
6437.0,6.437,-2.79,0.0,0.33,0.14,0.22,0.05,0.7400000000000001
6538.0,6.538,1.03,4.56,0.31,0.18,0.08,0.02,0.59
6639.0,6.639,-3.43,0.0,0.29,0.12,0.26,0.08,0.7499999999999999
6740.0,6.74,-1.11,0.0,0.33,0.13,0.24,0.04,0.74
6841.0,6.841,1.15,4.8,0.3,0.21,0.1,0.03,0.64
6942.0,6.942,-4.27,0.0,0.25,0.13,0.11,0.03,0.52
7043.0,7.043,-2.79,0.0,0.32,0.12,0.21,0.02,0.67
7143.0,7.143,1.43,5.36,0.3,0.16,0.14,0.0,0.6
7244.0,7.244,1.15,4.8,0.38,0.09,0.19,0.01,0.6699999999999999
7346.0,7.346,0.92,4.3,0.41,0.07,0.27,0.0,0.75
7447.0,7.447,0.24,2.18,0.29,0.14,0.22,0.03,0.68
7548.0,7.548,0.92,4.3,0.31,0.17,0.08,0.0,0.5599999999999999
7650.0,7.65,-4.06,0.0,0.32,0.1,0.05,0.0,0.47000000000000003
7750.0,7.75,-2.37,0.0,0.32,0.14,0.18,0.04,0.68
7854.0,7.854,-0.47,0.0,0.33,0.15,0.11,0.0,0.59
7954.0,7.954,-2.58,0.0,0.41,0.13,0.15,0.02,0.7100000000000001
8054.0,8.054,1.72,5.87,0.43,0.54,0.34,0.0,1.31
8156.0,8.156,-0.27,0.0,0.59,0.67,0.34,0.0,1.6
8256.0,8.256,0.92,4.3,0.65,1.35,0.35,0.0,2.35
8357.0,8.357,1.27,5.05,0.51,1.2,0.55,0.19,2.4499999999999997
8459.0,8.459,-1.11,0.0,0.5,0.97,0.6,0.45,2.52
8559.0,8.559,1.37,5.26,0.48,0.92,0.63,0.59,2.6199999999999997
8662.0,8.662,-0.07,0.0,0.42,1.07,0.59,0.56,2.64
8762.0,8.762,-4.27,0.0,0.44,1.1,0.65,0.62,2.81
8862.0,8.862,-2.38,0.0,0.49,1.04,0.6,0.56,2.69
8963.0,8.963,0.3,2.44,0.45,0.98,0.66,0.65,2.7399999999999998
9064.0,9.064,-4.27,0.0,0.48,1.02,0.65,0.63,2.78
9164.0,9.164,-2.8,0.0,0.44,1.05,0.61,0.6,2.7
9265.0,9.265,-1.74,0.0,0.44,1.06,0.65,0.65,2.8
9368.0,9.368,-1.74,0.0,0.44,1.03,0.66,0.69,2.82
9468.0,9.468,0.58,3.42,0.45,0.99,0.54,0.6,2.58
9570.0,9.57,-1.95,0.0,0.42,0.99,0.63,0.57,2.61
9670.0,9.67,1.49,5.47,0.44,1.11,0.67,0.64,2.8600000000000003
9772.0,9.772,0.52,3.25,0.42,1.04,0.63,0.56,2.65
9873.0,9.873,-0.07,0.0,0.49,1.04,0.65,0.61,2.79
9973.0,9.973,1.72,5.87,0.49,1.07,0.63,0.59,2.78
10075.0,10.075,-0.48,0.0,0.5,1.04,0.61,0.58,2.73
10176.0,10.176,-4.27,0.0,0.45,1.02,0.66,0.57,2.6999999999999997
10276.0,10.276,2.0,6.33,0.47,1.05,0.65,0.62,2.79
10378.0,10.378,-2.38,0.0,0.41,0.99,0.58,0.55,2.5300000000000002
10478.0,10.478,-4.27,0.0,0.45,0.98,0.63,0.56,2.62
10579.0,10.579,1.37,5.26,0.44,1.07,0.63,0.59,2.73
10681.0,10.681,0.02,0.58,0.47,1.04,0.61,0.57,2.69
10785.0,10.785,1.33,5.16,0.46,1.01,0.64,0.6,2.71
10887.0,10.887,1.33,5.16,0.48,1.02,0.66,0.65,2.81
10988.0,10.988,-4.27,0.0,0.4,0.97,0.69,0.66,2.72
11088.0,11.088,1.77,5.97,0.45,1.0,0.61,0.59,2.65
11190.0,11.19,0.13,1.61,0.43,1.05,0.61,0.64,2.73
11291.0,11.291,0.69,3.72,0.45,1.04,0.6,0.62,2.71
11393.0,11.393,0.24,2.18,0.46,1.01,0.59,0.62,2.68
11494.0,11.494,-1.53,0.0,0.45,1.03,0.61,0.61,2.6999999999999997
11595.0,11.595,-4.27,0.0,0.46,1.04,0.6,0.61,2.71
11696.0,11.696,0.36,2.68,0.49,1.02,0.61,0.58,2.7
11797.0,11.797,-4.27,0.0,0.46,0.99,0.66,0.62,2.73
11897.0,11.897,-1.95,0.0,0.42,1.01,0.63,0.63,2.69
11998.0,11.998,1.04,4.57,0.46,1.03,0.56,0.58,2.63
12102.0,12.102,-0.27,0.0,0.45,1.02,0.63,0.61,2.71
12204.0,12.204,1.95,6.25,0.5,1.07,0.68,0.65,2.9
12305.0,12.305,0.42,2.89,0.42,1.0,0.64,0.6,2.66
12406.0,12.406,0.64,3.58,0.44,1.02,0.64,0.6,2.7
12508.0,12.508,-3.22,0.0,0.47,1.01,0.62,0.59,2.69
12609.0,12.609,-0.69,0.0,0.41,0.98,0.63,0.63,2.65
12709.0,12.709,1.15,4.81,0.47,1.04,0.58,0.61,2.6999999999999997
12811.0,12.811,-4.27,0.0,0.44,1.04,0.59,0.58,2.65
12912.0,12.912,1.37,5.26,0.47,1.09,0.62,0.65,2.83
13014.0,13.014,-0.48,0.0,0.45,1.04,0.66,0.65,2.8
13115.0,13.115,-0.48,0.0,0.47,1.03,0.58,0.6,2.68
13216.0,13.216,-4.27,0.0,0.48,1.01,0.59,0.57,2.65
13317.0,13.317,-1.95,0.0,0.4,1.02,0.6,0.63,2.65
13418.0,13.418,0.87,4.17,0.5,1.04,0.61,0.62,2.77
13523.0,13.523,0.98,4.44,0.45,1.02,0.64,0.64,2.75
13625.0,13.625,0.18,1.92,0.45,1.04,0.61,0.62,2.72
13726.0,13.726,-3.85,0.0,0.44,1.03,0.6,0.59,2.6599999999999997
13828.0,13.828,-3.85,0.0,0.47,1.03,0.62,0.59,2.71
13929.0,13.929,0.13,1.61,0.46,1.05,0.67,0.68,2.8600000000000003
14030.0,14.03,-3.22,0.0,0.44,1.0,0.59,0.61,2.6399999999999997
14132.0,14.132,-1.11,0.0,0.49,1.06,0.59,0.63,2.77
14233.0,14.233,-4.27,0.0,0.48,1.01,0.6,0.59,2.6799999999999997
14336.0,14.336,-2.58,0.0,0.42,1.04,0.6,0.64,2.7
14437.0,14.437,0.75,3.88,0.47,1.01,0.57,0.58,2.63
14538.0,14.538,0.58,3.42,0.43,1.03,0.62,0.61,2.69
14640.0,14.64,2.23,6.7,0.49,1.05,0.66,0.63,2.83
14741.0,14.741,-1.53,0.0,0.46,1.0,0.58,0.62,2.66
14842.0,14.842,0.42,2.89,0.44,1.0,0.62,0.64,2.7
14947.0,14.947,0.13,1.61,0.44,1.01,0.69,0.7,2.84
15048.0,15.048,-0.69,0.0,0.44,0.98,0.62,0.64,2.68
15149.0,15.149,1.09,4.67,0.48,1.0,0.59,0.63,2.6999999999999997
15250.0,15.25,-3.64,0.0,0.46,1.01,0.59,0.56,2.62
15350.0,15.35,-4.27,0.0,0.4,1.01,0.6,0.58,2.5900000000000003
15451.0,15.451,0.47,3.08,0.48,1.04,0.6,0.58,2.7
15552.0,15.552,-1.11,0.0,0.45,1.0,0.64,0.63,2.7199999999999998
15653.0,15.653,-1.74,0.0,0.45,0.99,0.62,0.61,2.67
15755.0,15.755,-0.27,0.0,0.53,1.01,0.6,0.6,2.74
15855.0,15.855,-3.0,0.0,0.43,1.0,0.62,0.61,2.6599999999999997
15956.0,15.956,2.35,6.87,0.47,1.05,0.66,0.64,2.8200000000000003
16058.0,16.058,0.24,2.18,0.42,1.02,0.57,0.59,2.5999999999999996
16159.0,16.159,0.64,3.58,0.45,1.01,0.64,0.62,2.72
16261.0,16.261,1.72,5.87,0.49,1.02,0.67,0.65,2.83
16375.0,16.375,-4.27,0.0,0.42,1.02,0.55,0.62,2.61
16476.0,16.476,0.93,4.31,0.49,1.02,0.6,0.61,2.7199999999999998
16577.0,16.577,-3.64,0.0,0.42,0.99,0.63,0.61,2.65
16677.0,16.677,2.12,6.53,0.48,1.02,0.69,0.66,2.85
16779.0,16.779,-0.9,0.0,0.43,1.0,0.67,0.64,2.74
16879.0,16.879,0.99,4.45,0.43,0.99,0.63,0.58,2.63
16982.0,16.982,1.33,5.16,0.46,1.05,0.62,0.62,2.75
17083.0,17.083,-4.27,0.0,0.47,1.04,0.63,0.63,2.77
17183.0,17.183,-3.64,0.0,0.51,1.05,0.59,0.6,2.75
17284.0,17.284,-2.8,0.0,0.48,1.0,0.63,0.63,2.7399999999999998
17384.0,17.384,0.93,4.31,0.45,0.97,0.62,0.62,2.66
17485.0,17.485,1.33,5.16,0.47,1.0,0.54,0.59,2.5999999999999996
17587.0,17.587,-1.95,0.0,0.43,1.04,0.6,0.55,2.62
17687.0,17.687,-4.27,0.0,0.42,1.06,0.59,0.56,2.63
17792.0,17.792,1.33,5.16,0.49,1.07,0.62,0.61,2.79
17893.0,17.893,-4.06,0.0,0.43,0.99,0.64,0.6,2.66
17993.0,17.993,-0.08,0.0,0.45,1.04,0.65,0.68,2.8200000000000003
18094.0,18.094,1.09,4.67,0.51,1.02,0.61,0.64,2.7800000000000002
18195.0,18.195,-4.27,0.0,0.38,0.98,0.62,0.59,2.57
18295.0,18.295,2.18,6.61,0.44,1.07,0.65,0.6,2.7600000000000002
18397.0,18.397,0.02,0.58,0.46,1.07,0.59,0.61,2.73
18498.0,18.498,1.04,4.57,0.51,1.02,0.57,0.61,2.71
18600.0,18.6,-4.27,0.0,0.4,0.97,0.61,0.58,2.56
18701.0,18.701,0.87,4.17,0.48,1.07,0.64,0.62,2.81
18802.0,18.802,-0.27,0.0,0.45,1.04,0.58,0.56,2.63
18903.0,18.903,-1.11,0.0,0.46,1.02,0.61,0.57,2.6599999999999997
19003.0,19.003,1.04,4.57,0.45,1.01,0.66,0.64,2.7600000000000002
19104.0,19.104,-0.07,0.0,0.48,1.02,0.62,0.65,2.77
19208.0,19.208,0.64,3.58,0.5,1.02,0.59,0.63,2.7399999999999998
19309.0,19.309,-2.59,0.0,0.47,1.02,0.6,0.62,2.71
19409.0,19.409,1.38,5.27,0.47,1.07,0.62,0.67,2.83
19511.0,19.511,-4.27,0.0,0.41,0.99,0.63,0.61,2.6399999999999997
19611.0,19.611,1.09,4.68,0.46,1.0,0.57,0.58,2.61
19713.0,19.713,-4.27,0.0,0.43,1.02,0.54,0.55,2.54
19813.0,19.813,-3.64,0.0,0.4,1.05,0.57,0.6,2.62
19913.0,19.913,0.24,2.18,0.5,1.09,0.62,0.62,2.83
20015.0,20.015,-2.58,0.0,0.47,1.03,0.62,0.63,2.75
20115.0,20.115,-1.74,0.0,0.45,1.0,0.64,0.67,2.76
20215.0,20.215,0.87,4.17,0.53,1.01,0.56,0.6,2.7
20317.0,20.317,-3.64,0.0,0.45,1.02,0.61,0.59,2.67
20417.0,20.417,1.89,6.17,0.48,1.11,0.64,0.65,2.88
20521.0,20.521,-1.32,0.0,0.43,1.07,0.69,0.66,2.85
20622.0,20.622,1.95,6.25,0.47,1.01,0.6,0.58,2.66
20723.0,20.723,-4.27,0.0,0.46,0.99,0.57,0.6,2.62
20824.0,20.824,-1.32,0.0,0.45,1.04,0.63,0.65,2.77
20924.0,20.924,0.53,3.26,0.48,1.05,0.62,0.63,2.78
21025.0,21.025,-4.27,0.0,0.46,1.03,0.63,0.62,2.74
21126.0,21.126,1.27,5.05,0.49,1.07,0.64,0.67,2.87
21227.0,21.227,-0.08,0.0,0.43,1.0,0.59,0.6,2.62
21327.0,21.327,-3.85,0.0,0.42,1.01,0.64,0.64,2.71
21428.0,21.428,0.13,1.61,0.44,1.02,0.68,0.66,2.8000000000000003
21529.0,21.529,-3.22,0.0,0.44,1.02,0.65,0.65,2.76
21630.0,21.63,0.87,4.17,0.43,0.97,0.63,0.57,2.5999999999999996
21732.0,21.732,0.69,3.73,0.43,1.02,0.61,0.61,2.67
21833.0,21.833,-3.64,0.0,0.4,1.03,0.65,0.63,2.71
21937.0,21.937,0.99,4.45,0.45,1.02,0.59,0.56,2.62
22038.0,22.038,-0.9,0.0,0.44,1.04,0.65,0.63,2.76
22138.0,22.138,-3.22,0.0,0.47,1.07,0.62,0.64,2.8000000000000003
22239.0,22.239,-3.43,0.0,0.45,1.02,0.64,0.63,2.7399999999999998
22339.0,22.339,0.36,2.68,0.53,1.0,0.57,0.59,2.69
22441.0,22.441,-3.43,0.0,0.46,1.02,0.63,0.62,2.73
22542.0,22.542,-1.74,0.0,0.47,1.04,0.62,0.62,2.75
22642.0,22.642,0.3,2.44,0.49,1.05,0.63,0.65,2.82
22744.0,22.744,-1.95,0.0,0.45,1.01,0.57,0.59,2.6199999999999997
22844.0,22.844,0.99,4.45,0.47,1.01,0.52,0.56,2.56
22945.0,22.945,0.58,3.42,0.46,1.02,0.62,0.59,2.69
23047.0,23.047,-4.27,0.0,0.42,1.04,0.58,0.61,2.65
23147.0,23.147,1.72,5.88,0.43,1.04,0.68,0.65,2.8
23248.0,23.248,-4.27,0.0,0.42,1.04,0.61,0.65,2.7199999999999998
23352.0,23.352,0.58,3.42,0.45,1.0,0.57,0.58,2.6
23453.0,23.453,1.04,4.57,0.46,1.02,0.63,0.62,2.73
23555.0,23.555,0.53,3.26,0.48,1.05,0.67,0.69,2.89
23656.0,23.656,-1.53,0.0,0.46,1.01,0.63,0.62,2.72
23756.0,23.756,0.87,4.17,0.49,1.03,0.55,0.63,2.7
23858.0,23.858,-4.27,0.0,0.45,1.01,0.56,0.57,2.59
23958.0,23.958,-4.27,0.0,0.42,1.05,0.56,0.63,2.66
24058.0,24.058,0.93,4.31,0.51,1.05,0.61,0.62,2.79
24160.0,24.16,-4.27,0.0,0.45,1.0,0.63,0.61,2.69
24260.0,24.26,0.53,3.26,0.45,1.03,0.62,0.67,2.77
24363.0,24.363,-4.27,0.0,0.46,0.99,0.66,0.65,2.76
24463.0,24.463,1.04,4.57,0.43,1.01,0.63,0.61,2.6799999999999997
24564.0,24.564,-1.32,0.0,0.44,1.05,0.63,0.69,2.81
24665.0,24.665,-4.27,0.0,0.43,1.01,0.6,0.64,2.68
24768.0,24.768,0.75,3.88,0.5,1.04,0.59,0.64,2.77
24869.0,24.869,-4.27,0.0,0.43,0.99,0.59,0.62,2.63
24970.0,24.97,-2.59,0.0,0.42,1.02,0.63,0.68,2.75
25070.0,25.07,0.69,3.73,0.5,1.02,0.56,0.6,2.68
25172.0,25.172,-4.27,0.0,0.4,1.02,0.56,0.55,2.5300000000000002
25273.0,25.273,-0.48,0.0,0.44,1.09,0.63,0.65,2.81
25373.0,25.373,0.24,2.18,0.45,1.04,0.57,0.56,2.62
25475.0,25.475,-4.27,0.0,0.47,1.04,0.59,0.58,2.68
25575.0,25.575,1.95,6.25,0.45,1.03,0.6,0.6,2.68
25676.0,25.676,-4.27,0.0,0.45,1.01,0.62,0.63,2.71
25777.0,25.777,-3.43,0.0,0.48,0.99,0.58,0.55,2.5999999999999996
25877.0,25.877,1.04,4.57,0.51,1.12,0.68,0.66,2.97
25978.0,25.978,1.33,5.16,0.44,1.04,0.61,0.59,2.6799999999999997
26080.0,26.08,0.75,3.88,0.46,1.04,0.64,0.61,2.75
26183.0,26.183,-0.27,0.0,0.49,1.0,0.63,0.73,2.85
26284.0,26.284,-1.11,0.0,0.43,1.0,0.74,0.79,2.96
26384.0,26.384,1.21,4.93,0.45,1.01,0.65,0.66,2.77
26485.0,26.485,-3.43,0.0,0.43,1.01,0.64,0.75,2.83
26586.0,26.586,0.13,1.61,0.42,1.02,0.71,0.79,2.94
26687.0,26.687,0.24,2.18,0.44,0.98,0.63,0.78,2.83
26788.0,26.788,-1.95,0.0,0.45,0.99,0.69,0.7,2.83
26889.0,26.889,-0.27,0.0,0.5,1.23,0.36,0.0,2.09
26989.0,26.989,0.99,4.45,0.63,1.44,0.08,0.0,2.15
27089.0,27.089,-3.22,0.0,0.54,1.29,0.22,0.0,2.0500000000000003
27190.0,27.19,-4.27,0.0,0.31,0.26,0.23,0.0,0.8
27290.0,27.29,0.81,4.04,0.25,0.12,0.25,0.0,0.62
27392.0,27.392,-4.27,0.0,0.23,0.13,0.19,0.0,0.55
27492.0,27.492,-0.48,0.0,0.27,0.15,0.12,0.0,0.54
27595.0,27.595,-4.06,0.0,0.35,0.1,0.31,0.0,0.76
27696.0,27.696,0.75,3.88,0.28,0.14,0.23,0.0,0.65
27797.0,27.797,1.5,5.49,0.3,0.14,0.29,0.01,0.74
27898.0,27.898,-4.27,0.0,0.27,0.14,0.27,0.0,0.68
27999.0,27.999,0.59,3.44,0.27,0.17,0.19,0.0,0.6300000000000001
28100.0,28.1,-4.27,0.0,0.33,0.16,0.21,0.03,0.73
28201.0,28.201,0.87,4.17,0.28,0.23,0.2,0.02,0.73
28303.0,28.303,-0.48,0.0,0.3,0.17,0.19,0.0,0.6599999999999999
28403.0,28.403,0.47,3.08,0.33,0.11,0.26,0.0,0.7
28505.0,28.505,0.53,3.26,0.35,0.09,0.29,0.0,0.73
28606.0,28.606,-2.38,0.0,0.3,0.16,0.23,0.06,0.75
28706.0,28.706,-0.9,0.0,0.32,0.17,0.15,0.0,0.64
28807.0,28.807,-4.27,0.0,0.24,0.17,0.22,0.0,0.63
28907.0,28.907,-1.11,0.0,0.25,0.23,0.2,0.0,0.6799999999999999
29005.0,29.005,1.04,4.57,0.29,0.16,0.23,0.0,0.6799999999999999
29107.0,29.107,0.36,2.68,0.35,0.11,0.28,0.0,0.74
29208.0,29.208,-2.8,0.0,0.35,0.11,0.25,0.0,0.71
29308.0,29.308,-0.9,0.0,0.26,0.15,0.2,0.0,0.6100000000000001
29409.0,29.409,0.18,1.92,0.26,0.18,0.21,0.0,0.65
29510.0,29.51,-4.27,0.0,0.24,0.18,0.16,0.01,0.59
29611.0,29.611,-4.07,0.0,0.24,0.19,0.14,0.0,0.5700000000000001
29711.0,29.711,0.81,4.04,0.29,0.14,0.18,0.0,0.61
29812.0,29.812,0.42,2.89,0.32,0.15,0.27,0.02,0.76
29914.0,29.914,0.3,2.44,0.32,0.15,0.29,0.0,0.76
30015.0,30.015,-0.9,0.0,0.25,0.17,0.25,0.0,0.67
30115.0,30.115,0.47,3.08,0.27,0.19,0.13,0.0,0.5900000000000001
30217.0,30.217,-4.27,0.0,0.28,0.12,0.21,0.0,0.61
30320.0,30.32,1.15,4.82,0.35,0.14,0.21,0.0,0.7
30422.0,30.422,-1.95,0.0,0.3,0.09,0.21,0.0,0.6
30522.0,30.522,-4.27,0.0,0.35,0.17,0.18,0.02,0.72
30622.0,30.622,0.36,2.68,0.27,0.17,0.18,0.0,0.6200000000000001
30724.0,30.724,-4.27,0.0,0.37,0.12,0.36,0.0,0.85
30824.0,30.824,1.33,5.17,0.32,0.1,0.27,0.0,0.6900000000000001
30925.0,30.925,-1.75,0.0,0.26,0.14,0.26,0.01,0.67
31026.0,31.026,-4.27,0.0,0.3,0.13,0.21,0.0,0.64
31126.0,31.126,-0.08,0.0,0.33,0.16,0.17,0.0,0.66
31226.0,31.226,-4.27,0.0,0.28,0.14,0.2,0.0,0.6200000000000001
31327.0,31.327,-1.75,0.0,0.29,0.17,0.27,0.0,0.73
31427.0,31.427,0.42,2.89,0.29,0.19,0.17,0.0,0.65
31529.0,31.529,-4.27,0.0,0.32,0.16,0.2,0.0,0.6799999999999999
31630.0,31.63,0.81,4.04,0.32,0.21,0.12,0.0,0.65
31734.0,31.734,1.15,4.82,0.32,0.16,0.32,0.05,0.8500000000000001
31836.0,31.836,1.04,4.57,0.29,0.15,0.29,0.0,0.73
31937.0,31.937,-0.9,0.0,0.36,0.09,0.27,0.0,0.72
32037.0,32.037,-0.48,0.0,0.29,0.13,0.19,0.05,0.66
32138.0,32.138,0.02,0.58,0.27,0.16,0.21,0.0,0.64
32239.0,32.239,-4.27,0.0,0.23,0.18,0.18,0.01,0.6000000000000001
32340.0,32.34,-4.27,0.0,0.26,0.18,0.23,0.0,0.67
32441.0,32.441,0.02,0.58,0.28,0.19,0.2,0.0,0.67
32542.0,32.542,-4.27,0.0,0.31,0.15,0.21,0.0,0.6699999999999999
32643.0,32.643,0.75,3.88,0.3,0.19,0.23,0.04,0.76
32744.0,32.744,1.04,4.57,0.3,0.19,0.01,0.0,0.5
32845.0,32.845,-4.27,0.0,0.28,0.16,0.21,0.0,0.65
32946.0,32.946,1.15,4.82,0.33,0.15,0.15,0.0,0.63
33047.0,33.047,0.87,4.18,0.32,0.13,0.2,0.0,0.65
33152.0,33.152,0.53,3.26,0.28,0.14,0.26,0.0,0.68
33253.0,33.253,-2.17,0.0,0.23,0.16,0.22,0.02,0.63
33353.0,33.353,-4.27,0.0,0.26,0.16,0.25,0.01,0.68
33454.0,33.454,0.64,3.58,0.31,0.17,0.16,0.0,0.64
33555.0,33.555,-1.53,0.0,0.21,0.2,0.19,0.04,0.6400000000000001
33655.0,33.655,-4.27,0.0,0.23,0.17,0.17,0.0,0.5700000000000001
33756.0,33.756,0.75,3.88,0.32,0.16,0.18,0.0,0.6599999999999999
33857.0,33.857,-4.27,0.0,0.36,0.15,0.2,0.01,0.72
33957.0,33.957,1.33,5.17,0.29,0.19,0.14,0.0,0.62
34059.0,34.059,-3.01,0.0,0.36,0.11,0.3,0.0,0.77
34159.0,34.159,1.55,5.59,0.33,0.12,0.27,0.0,0.72
34262.0,34.262,0.13,1.61,0.25,0.16,0.2,0.0,0.6100000000000001
34363.0,34.363,-1.53,0.0,0.26,0.15,0.14,0.0,0.55
34463.0,34.463,0.18,1.92,0.3,0.19,0.15,0.0,0.64
34568.0,34.568,0.13,1.61,0.33,0.14,0.23,0.0,0.7000000000000001
34669.0,34.669,1.9,6.17,0.34,0.12,0.27,0.0,0.73
34771.0,34.771,-4.27,0.0,0.25,0.14,0.23,0.0,0.62
34872.0,34.872,0.7,3.74,0.24,0.21,0.17,0.0,0.62
34973.0,34.973,-4.27,0.0,0.33,0.16,0.2,0.01,0.7
35074.0,35.074,0.99,4.45,0.29,0.17,0.14,0.0,0.6
35175.0,35.175,-2.17,0.0,0.33,0.13,0.24,0.0,0.7
35275.0,35.275,-0.9,0.0,0.29,0.12,0.24,0.0,0.6499999999999999
35376.0,35.376,0.53,3.26,0.37,0.08,0.27,0.0,0.72
35477.0,35.477,-1.75,0.0,0.27,0.16,0.22,0.0,0.65
35577.0,35.577,0.64,3.58,0.29,0.14,0.13,0.0,0.56
35679.0,35.679,-1.95,0.0,0.39,0.1,0.23,0.0,0.72
35779.0,35.779,1.61,5.68,0.38,0.12,0.32,0.01,0.8300000000000001
35881.0,35.881,-2.38,0.0,0.25,0.17,0.16,0.0,0.5800000000000001
35985.0,35.985,-0.9,0.0,0.33,0.17,0.24,0.04,0.78
36085.0,36.085,0.87,4.18,0.28,0.17,0.2,0.0,0.6500000000000001
36187.0,36.187,0.36,2.68,0.32,0.12,0.24,0.0,0.6799999999999999
36288.0,36.288,1.38,5.26,0.31,0.18,0.31,0.05,0.8500000000000001
36389.0,36.389,-3.01,0.0,0.22,0.17,0.17,0.0,0.56
36490.0,36.49,1.67,5.79,0.31,0.16,0.33,0.04,0.8400000000000001
36591.0,36.591,-1.32,0.0,0.32,0.13,0.21,0.0,0.66
36692.0,36.692,-3.43,0.0,0.22,0.19,0.22,0.04,0.67
36793.0,36.793,2.13,6.54,0.29,0.12,0.21,0.0,0.62
36894.0,36.894,-3.23,0.0,0.36,0.15,0.25,0.0,0.76
36995.0,36.995,0.93,4.32,0.28,0.18,0.15,0.0,0.61
37096.0,37.096,0.42,2.89,0.27,0.13,0.22,0.0,0.62
37197.0,37.197,-4.27,0.0,0.29,0.18,0.3,0.03,0.8
37298.0,37.298,0.81,4.04,0.27,0.18,0.17,0.0,0.62
37402.0,37.402,-4.27,0.0,0.27,0.18,0.27,0.0,0.72
37504.0,37.504,0.24,2.18,0.28,0.18,0.35,0.01,0.8200000000000001
37605.0,37.605,0.42,2.89,0.34,0.11,0.06,0.0,0.51
37706.0,37.706,-2.17,0.0,0.29,0.08,0.23,0.0,0.6
37807.0,37.807,-3.65,0.0,0.25,0.16,0.24,0.0,0.65
37907.0,37.907,1.33,5.17,0.29,0.14,0.16,0.0,0.59
38008.0,38.008,-3.64,0.0,0.32,0.16,0.29,0.0,0.77
38109.0,38.109,1.27,5.06,0.29,0.16,0.18,0.0,0.6299999999999999
38210.0,38.21,0.36,2.68,0.34,0.11,0.25,0.0,0.7
38312.0,38.312,-4.27,0.0,0.33,0.19,0.21,0.03,0.76
38413.0,38.413,0.7,3.74,0.31,0.18,0.27,0.07,0.8300000000000001
38514.0,38.514,0.36,2.68,0.27,0.17,0.2,0.0,0.6400000000000001
38616.0,38.616,-0.27,0.0,0.26,0.19,0.29,0.0,0.74
38719.0,38.719,-1.11,0.0,0.31,0.15,0.27,0.07,0.8
38819.0,38.819,1.33,5.17,0.34,0.16,0.19,0.0,0.69
38921.0,38.921,-4.27,0.0,0.32,0.14,0.24,0.01,0.71
39021.0,39.021,0.3,2.47,0.37,0.13,0.28,0.0,0.78
39123.0,39.123,0.24,2.18,0.28,0.11,0.16,0.0,0.55
39225.0,39.225,-2.8,0.0,0.27,0.15,0.21,0.0,0.63
39325.0,39.325,0.02,0.58,0.3,0.17,0.3,0.04,0.81
39427.0,39.427,0.64,3.58,0.34,0.14,0.15,0.0,0.63
39528.0,39.528,0.7,3.74,0.34,0.12,0.21,0.0,0.67
39629.0,39.629,-2.8,0.0,0.27,0.16,0.27,0.01,0.7100000000000001
39730.0,39.73,0.58,3.42,0.26,0.13,0.16,0.0,0.55
39831.0,39.831,-1.11,0.0,0.26,0.18,0.3,0.0,0.74
39931.0,39.931,0.58,3.42,0.27,0.14,0.23,0.0,0.64
40033.0,40.033,0.47,3.08,0.27,0.13,0.26,0.0,0.66
40137.0,40.137,-1.75,0.0,0.26,0.13,0.23,0.0,0.62
40238.0,40.238,-2.8,0.0,0.27,0.16,0.3,0.03,0.76
40338.0,40.338,1.04,4.57,0.3,0.15,0.29,0.0,0.74
40439.0,40.439,0.58,3.42,0.31,0.13,0.14,0.0,0.5800000000000001
40541.0,40.541,-4.27,0.0,0.31,0.15,0.24,0.0,0.7
40641.0,40.641,0.81,4.04,0.26,0.15,0.18,0.0,0.5900000000000001
40742.0,40.742,0.3,2.47,0.31,0.12,0.25,0.0,0.6799999999999999
40844.0,40.844,-3.23,0.0,0.24,0.18,0.24,0.0,0.6599999999999999
40944.0,40.944,1.33,5.17,0.29,0.14,0.26,0.0,0.69
41046.0,41.046,-0.69,0.0,0.28,0.21,0.29,0.03,0.81
41146.0,41.146,0.53,3.26,0.25,0.17,0.25,0.0,0.67
41247.0,41.247,1.55,5.59,0.27,0.15,0.26,0.0,0.68
41349.0,41.349,-4.27,0.0,0.24,0.19,0.21,0.0,0.64
41449.0,41.449,1.55,5.59,0.3,0.15,0.25,0.0,0.7
41553.0,41.553,-4.27,0.0,0.3,0.12,0.18,0.0,0.6
41654.0,41.654,0.53,3.26,0.21,0.15,0.2,0.0,0.56
41755.0,41.755,0.93,4.32,0.3,0.09,0.19,0.0,0.5800000000000001
41857.0,41.857,-4.27,0.0,0.22,0.18,0.21,0.03,0.64
41957.0,41.957,0.98,4.45,0.26,0.13,0.21,0.0,0.6
42058.0,42.058,0.18,1.92,0.28,0.16,0.29,0.0,0.73
42160.0,42.16,0.18,1.92,0.25,0.18,0.17,0.0,0.6
42261.0,42.261,0.93,4.32,0.28,0.14,0.23,0.0,0.65
42362.0,42.362,-4.27,0.0,0.24,0.18,0.22,0.04,0.68
42463.0,42.463,1.1,4.69,0.26,0.14,0.17,0.0,0.5700000000000001
42564.0,42.564,-4.27,0.0,0.29,0.15,0.31,0.0,0.75
42665.0,42.665,0.98,4.45,0.26,0.17,0.15,0.0,0.5800000000000001
42767.0,42.767,-3.23,0.0,0.31,0.16,0.21,0.04,0.72
42867.0,42.867,1.95,6.27,0.37,0.1,0.22,0.0,0.69
42972.0,42.972,-1.75,0.0,0.31,0.15,0.34,0.09,0.89
43072.0,43.072,0.13,1.61,0.3,0.12,0.21,0.0,0.63
43173.0,43.173,-4.27,0.0,0.22,0.18,0.21,0.0,0.61
43274.0,43.274,0.24,2.18,0.23,0.21,0.18,0.0,0.62
43375.0,43.375,1.38,5.27,0.27,0.16,0.15,0.0,0.5800000000000001
43478.0,43.478,0.81,4.04,0.3,0.15,0.28,0.02,0.75
43579.0,43.579,0.18,1.92,0.34,0.12,0.3,0.0,0.76
43680.0,43.68,-1.96,0.0,0.26,0.19,0.26,0.0,0.71
43781.0,43.781,1.33,5.17,0.28,0.2,0.16,0.0,0.64
43882.0,43.882,-1.53,0.0,0.18,0.18,0.2,0.04,0.6000000000000001
43982.0,43.982,-4.07,0.0,0.29,0.14,0.24,0.0,0.6699999999999999
44083.0,44.083,0.87,4.18,0.27,0.21,0.21,0.0,0.69
44184.0,44.184,-4.27,0.0,0.3,0.16,0.2,0.02,0.6799999999999999
44284.0,44.284,1.38,5.27,0.31,0.14,0.2,0.0,0.65
44389.0,44.389,0.18,1.92,0.27,0.16,0.25,0.0,0.68
44490.0,44.49,0.93,4.32,0.22,0.2,0.21,0.0,0.63
44592.0,44.592,-4.27,0.0,0.26,0.14,0.17,0.0,0.5700000000000001
44692.0,44.692,-3.01,0.0,0.26,0.17,0.17,0.0,0.6000000000000001
44792.0,44.792,0.87,4.18,0.29,0.18,0.18,0.0,0.6499999999999999
44894.0,44.894,-2.8,0.0,0.37,0.13,0.21,0.01,0.72
44994.0,44.994,0.93,4.32,0.31,0.19,0.17,0.0,0.67
45096.0,45.096,-2.38,0.0,0.29,0.14,0.31,0.02,0.76
45197.0,45.197,0.93,4.32,0.31,0.13,0.27,0.0,0.71
45298.0,45.298,0.53,3.26,0.32,0.11,0.22,0.0,0.65
45400.0,45.4,-0.27,0.0,0.23,0.16,0.31,0.04,0.74
45500.0,45.5,0.36,2.68,0.3,0.1,0.29,0.0,0.69
45601.0,45.601,0.02,0.58,0.34,0.11,0.3,0.0,0.75
45703.0,45.703,0.3,2.47,0.27,0.14,0.21,0.04,0.66
45807.0,45.807,0.98,4.45,0.27,0.21,0.12,0.0,0.6
45910.0,45.91,-0.27,0.0,0.29,0.17,0.23,0.03,0.72
46010.0,46.01,1.78,5.99,0.33,0.18,0.16,0.0,0.67
46111.0,46.111,-0.08,0.0,0.32,0.16,0.29,0.02,0.79
46212.0,46.212,0.47,3.08,0.28,0.14,0.21,0.0,0.63
46313.0,46.313,-4.27,0.0,0.25,0.17,0.23,0.03,0.68
46413.0,46.413,0.7,3.74,0.26,0.21,0.1,0.0,0.57
46515.0,46.515,-3.65,0.0,0.33,0.16,0.3,0.0,0.79
46615.0,46.615,1.33,5.17,0.19,0.0,0.16,0.2,0.55
46716.0,46.716,0.64,3.58,0.23,0.12,0.31,0.16,0.82
46818.0,46.818,-1.11,0.0,0.36,0.2,0.29,0.25,1.1
46918.0,46.918,2.07,6.45,0.42,0.26,0.42,0.07,1.17
47020.0,47.02,0.75,3.89,0.38,0.0,0.15,0.0,0.53
47124.0,47.124,-4.07,0.0,0.26,0.0,0.0,0.0,0.26
47224.0,47.224,1.73,5.89,0.37,0.08,0.32,0.0,0.77
47326.0,47.326,-3.01,0.0,0.3,0.2,0.35,0.11,0.96
47426.0,47.426,-1.33,0.0,0.42,0.19,0.43,0.02,1.06
47528.0,47.528,0.87,4.18,0.13,0.18,0.34,0.04,0.6900000000000001
47630.0,47.63,-1.75,0.0,0.19,0.12,0.42,0.06,0.79
47731.0,47.731,0.98,4.45,0.14,0.17,0.34,0.01,0.6600000000000001
47833.0,47.833,0.18,1.92,0.49,0.05,0.0,0.0,0.54
47934.0,47.934,-3.01,0.0,0.36,0.15,0.46,0.0,0.97
48034.0,48.034,1.1,4.69,0.25,0.15,0.35,0.05,0.8
48136.0,48.136,0.18,1.92,0.57,0.08,0.06,0.0,0.71
48237.0,48.237,1.04,4.57,0.4,0.14,0.34,0.04,0.9200000000000002
48339.0,48.339,0.13,1.61,0.35,0.11,0.24,0.03,0.73
48441.0,48.441,0.53,3.26,0.47,0.2,0.4,0.0,1.0699999999999998
48545.0,48.545,2.08,6.46,0.27,0.11,0.0,0.03,0.41000000000000003
48647.0,48.647,2.35,6.88,0.3,0.06,0.16,0.0,0.52
48748.0,48.748,2.82,7.52,0.3,0.05,0.11,0.0,0.45999999999999996
48849.0,48.849,3.27,8.11,0.22,0.18,0.0,0.0,0.4
48951.0,48.951,3.15,7.95,0.42,0.06,0.14,0.02,0.64
49052.0,49.052,2.24,6.71,0.41,0.04,0.34,0.3,1.09
49154.0,49.154,1.5,5.49,0.41,0.13,0.0,0.0,0.54
49255.0,49.255,2.14,6.55,0.54,0.15,0.46,0.03,1.1800000000000002
49356.0,49.356,3.56,8.46,0.55,0.23,0.12,0.14,1.04
49458.0,49.458,4.46,9.47,0.49,0.03,0.17,0.12,0.81
49559.0,49.559,5.38,10.4,0.43,0.0,0.0,0.28,0.71
49660.0,49.66,8.32,12.93,0.44,0.0,0.29,0.19,0.9199999999999999
49762.0,49.762,6.76,11.66,0.67,0.0,0.31,0.61,1.5899999999999999
49863.0,49.863,6.84,11.72,0.66,0.23,0.12,0.24,1.25
49968.0,49.968,10.11,14.25,0.72,0.0,0.0,0.15,0.87
50070.0,50.07,9.9,14.1,0.33,0.28,0.48,0.25,1.34
50171.0,50.171,13.74,16.61,0.0,0.11,0.66,0.2,0.97
50274.0,50.274,23.51,21.74,0.09,0.38,0.76,0.13,1.3599999999999999
50376.0,50.376,33.9,26.1,0.33,0.0,0.24,0.21,0.78
50479.0,50.479,39.84,28.29,0.35,0.0,0.44,0.34,1.1300000000000001
50581.0,50.581,42.37,29.18,0.37,0.21,0.19,0.0,0.77
50683.0,50.683,44.38,29.86,0.4,0.32,0.51,0.0,1.23
50786.0,50.786,51.1,32.04,0.3,0.0,0.41,0.22,0.9299999999999999
50888.0,50.888,57.68,34.04,0.65,0.08,0.18,0.0,0.9099999999999999
50991.0,50.991,58.2,34.2,0.42,0.0,0.01,1.0,1.43
51093.0,51.093,66.52,36.56,0.63,0.28,0.57,0.0,1.48
51195.0,51.195,69.89,37.47,0.17,0.38,0.09,0.0,0.64
51301.0,51.301,89.35,42.37,0.53,0.0,0.87,0.0,1.4
51403.0,51.403,77.74,39.52,0.64,0.66,1.08,0.0,2.38
51506.0,51.506,87.82,42.01,0.73,0.34,0.29,0.53,1.8900000000000001
51608.0,51.608,72.19,38.08,0.31,0.65,0.57,0.31,1.8399999999999999
51712.0,51.712,67.45,36.81,0.54,0.0,0.0,0.08,0.62
51814.0,51.814,72.77,38.24,0.51,0.0,0.26,0.0,0.77
51916.0,51.916,73.56,38.44,1.16,0.66,0.36,0.0,2.1799999999999997
52019.0,52.019,67.26,36.76,0.71,0.46,0.66,0.0,1.83
52121.0,52.121,70.85,37.73,1.04,0.45,0.05,0.0,1.54
52224.0,52.224,66.89,36.66,0.43,0.36,0.85,0.0,1.6400000000000001
52326.0,52.326,72.19,38.08,0.71,0.48,0.77,0.33,2.29
52428.0,52.428,69.89,37.47,0.4,0.38,1.02,0.01,1.81
52531.0,52.531,72.38,38.14,0.46,0.05,0.57,0.0,1.08
52636.0,52.636,72.19,38.08,0.4,0.52,1.08,0.0,2.0
52739.0,52.739,60.44,34.85,0.64,0.67,0.12,0.0,1.4300000000000002
52841.0,52.841,67.64,36.87,0.78,0.16,0.27,0.0,1.21
52943.0,52.943,64.34,35.95,0.89,0.54,0.0,0.0,1.4300000000000002
53046.0,53.046,56.67,33.74,0.75,0.4,0.0,0.0,1.15
53148.0,53.148,60.44,34.85,0.68,0.11,0.33,0.2,1.32
53251.0,53.251,56.84,33.8,0.66,0.0,0.63,0.48,1.77
53353.0,53.353,59.06,34.45,0.61,0.0,0.49,0.39,1.4900000000000002
53455.0,53.455,59.92,34.7,0.43,0.0,0.52,0.77,1.72
53558.0,53.558,59.06,34.45,0.9,0.12,0.17,0.0,1.19
53660.0,53.66,60.62,34.9,0.66,0.47,0.87,0.43,2.43
53763.0,53.763,56.34,33.65,0.51,0.21,0.21,0.09,1.02
53865.0,53.865,58.71,34.35,0.39,0.37,0.71,0.0,1.47
53971.0,53.971,60.09,34.75,0.57,1.03,0.95,0.0,2.55
54074.0,54.074,61.14,35.05,1.06,0.68,0.0,0.0,1.7400000000000002
54176.0,54.176,68.0,36.96,0.34,0.0,0.69,0.69,1.72
54279.0,54.279,76.53,39.21,0.39,0.05,1.15,0.55,2.1399999999999997
54381.0,54.381,81.85,40.55,0.55,0.06,0.93,0.57,2.11
54484.0,54.484,77.14,39.37,0.39,0.21,0.56,0.0,1.1600000000000001
54587.0,54.587,78.55,39.73,1.0,0.21,0.9,0.71,2.82
54689.0,54.689,70.45,37.62,0.45,0.04,0.84,0.33,1.6600000000000001
54792.0,54.792,66.34,36.51,0.76,0.78,1.13,0.15,2.82
54894.0,54.894,71.42,37.88,0.7,0.56,0.86,0.08,2.2
54998.0,54.998,74.15,38.6,0.63,0.46,0.89,0.56,2.54
55100.0,55.1,74.54,38.7,0.84,0.25,0.27,0.34,1.7
55202.0,55.202,76.93,39.32,0.59,0.14,0.19,0.22,1.14
55305.0,55.305,77.33,39.42,0.77,0.45,0.13,0.0,1.35
55410.0,55.41,81.02,40.35,0.55,0.02,0.42,0.0,0.99
55513.0,55.513,80.4,40.19,0.69,0.07,0.94,0.35,2.05
55615.0,55.615,79.78,40.04,0.47,0.0,0.44,0.64,1.5499999999999998
55717.0,55.717,65.79,36.36,0.68,0.0,0.27,0.91,1.86
55820.0,55.82,70.08,37.53,0.91,0.32,0.39,0.05,1.6700000000000002
55922.0,55.922,70.85,37.73,0.99,0.46,0.0,0.0,1.45
56025.0,56.025,69.32,37.32,1.09,0.61,0.05,0.0,1.7500000000000002
56127.0,56.127,62.56,35.45,0.44,0.0,0.01,0.4,0.8500000000000001
56229.0,56.229,62.2,35.35,0.36,0.35,1.02,0.05,1.78
56332.0,56.332,69.13,37.27,0.78,0.22,0.25,0.0,1.25
56434.0,56.434,61.32,35.1,1.14,0.27,0.0,0.0,1.41
56537.0,56.537,58.54,34.3,1.06,0.25,0.35,0.0,1.6600000000000001
56639.0,56.639,58.71,34.35,0.68,0.58,0.0,0.0,1.26
56745.0,56.745,67.64,36.87,0.84,0.24,0.58,0.0,1.6600000000000001
56848.0,56.848,61.67,35.2,0.47,0.0,0.36,0.37,1.2
56950.0,56.95,60.44,34.85,1.07,0.9,0.0,0.0,1.9700000000000002
57061.0,57.061,61.49,35.15,0.31,0.25,0.46,0.01,1.03
57162.0,57.162,64.52,36.0,0.6,1.16,0.75,0.0,2.51
57264.0,57.264,70.45,37.62,0.97,0.64,0.64,0.0,2.25
57365.0,57.365,64.52,36.0,0.56,0.29,0.51,0.32,1.6800000000000002
57467.0,57.467,58.2,34.2,0.59,0.0,0.01,0.1,0.7
57569.0,57.569,60.44,34.85,0.67,0.5,0.51,0.17,1.8499999999999999
57671.0,57.671,67.82,36.92,0.43,0.09,0.83,0.17,1.52
57774.0,57.774,76.73,39.26,0.73,0.7,0.52,0.0,1.95
57876.0,57.876,65.97,36.41,0.7,0.0,0.43,1.2,2.33
57978.0,57.978,69.13,37.27,0.93,0.52,0.71,0.0,2.16
58084.0,58.084,64.7,36.06,0.59,0.18,0.5,0.0,1.27
58186.0,58.186,60.62,34.9,0.41,0.49,0.68,0.0,1.58
58289.0,58.289,74.54,38.7,0.67,0.41,0.5,0.17,1.75
58391.0,58.391,81.23,40.4,1.03,0.08,0.16,0.22,1.49
58494.0,58.494,79.78,40.04,0.63,0.0,0.82,0.42,1.8699999999999999
58597.0,58.597,79.17,39.88,0.4,0.23,0.48,0.0,1.1099999999999999
58699.0,58.699,76.13,39.11,0.98,0.37,0.0,0.0,1.35
58802.0,58.802,75.73,39.01,0.48,0.25,0.59,0.54,1.8599999999999999
58904.0,58.904,68.38,37.07,0.89,0.21,0.34,0.0,1.4400000000000002
59008.0,59.008,68.19,37.02,0.11,0.12,0.94,0.08,1.25
59110.0,59.11,57.86,34.1,0.71,1.23,0.95,0.0,2.8899999999999997
59212.0,59.212,63.26,35.65,0.93,0.05,0.0,0.19,1.1700000000000002
59315.0,59.315,57.52,34.0,0.57,0.3,0.95,0.51,2.33
59420.0,59.42,60.62,34.9,0.87,0.0,0.0,0.0,0.87
59522.0,59.522,58.2,34.2,0.5,0.57,0.82,0.0,1.8899999999999997
59623.0,59.623,65.43,36.26,0.82,0.46,0.55,0.13,1.96
59725.0,59.725,60.79,34.95,0.73,0.0,0.0,0.22,0.95
59827.0,59.827,62.03,35.3,0.57,0.53,0.87,0.0,1.9700000000000002
59928.0,59.928,57.68,34.04,0.31,0.38,0.55,0.07,1.31
60032.0,60.032,58.89,34.4,0.71,0.02,0.02,0.0,0.75
60133.0,60.133,59.92,34.7,0.8,0.24,0.54,0.12,1.7000000000000002
60235.0,60.235,61.32,35.1,0.41,0.55,0.41,0.0,1.3699999999999999
60337.0,60.337,62.38,35.4,0.77,0.0,0.03,0.0,0.8
60438.0,60.438,59.23,34.5,0.63,0.51,0.61,0.07,1.82
60540.0,60.54,63.44,35.7,0.54,0.02,0.31,0.6,1.4700000000000002
60642.0,60.642,63.97,35.85,0.5,0.47,0.32,0.0,1.29
60747.0,60.747,67.82,36.92,0.42,0.2,0.01,0.0,0.63
60850.0,60.85,65.6,36.31,1.12,0.69,0.0,0.0,1.81
60952.0,60.952,66.15,36.46,0.94,0.16,0.49,0.05,1.64
61056.0,61.056,65.79,36.36,0.85,0.6,0.3,0.01,1.76
61158.0,61.158,74.54,38.7,0.7,0.04,0.22,0.31,1.27
61260.0,61.26,69.89,37.47,0.48,0.01,0.3,0.52,1.31
61363.0,61.363,59.06,34.45,0.72,0.07,0.19,0.0,0.98
61465.0,61.465,65.6,36.31,1.07,0.42,0.01,0.09,1.59
61568.0,61.568,63.8,35.8,0.34,0.0,0.51,0.64,1.4900000000000002
61670.0,61.67,62.38,35.4,0.69,0.0,0.0,0.15,0.84
61772.0,61.772,70.45,37.62,0.6,0.0,0.56,0.55,1.7100000000000002
61875.0,61.875,64.7,36.06,0.87,0.62,0.33,0.0,1.82
61977.0,61.977,64.7,36.06,0.39,0.45,0.92,0.0,1.7600000000000002
62083.0,62.083,64.88,36.11,0.62,0.0,0.0,0.19,0.81
62185.0,62.185,68.76,37.17,0.38,0.29,0.8,0.61,2.08
62287.0,62.287,71.8,37.98,0.34,0.2,1.03,0.2,1.77
62390.0,62.39,72.0,38.03,0.87,0.3,0.08,0.0,1.25
62492.0,62.492,65.43,36.26,0.7,0.0,0.04,0.18,0.9199999999999999
62595.0,62.595,57.68,34.04,0.25,0.0,0.81,0.22,1.28
62697.0,62.697,64.52,36.0,0.28,0.0,0.84,0.23,1.35
62799.0,62.799,59.92,34.7,0.76,0.42,0.48,0.3,1.96
62902.0,62.902,61.14,35.05,0.6,0.9,0.39,0.0,1.8900000000000001
63004.0,63.004,52.86,32.59,0.47,0.0,0.06,0.0,0.53
63107.0,63.107,49.53,31.55,0.35,0.0,0.86,0.88,2.09
63209.0,63.209,57.86,34.1,1.05,0.4,0.0,0.0,1.4500000000000002
63311.0,63.311,54.17,32.99,1.23,0.55,0.0,0.0,1.78
63417.0,63.417,52.22,32.39,0.59,0.0,0.0,0.0,0.59
63519.0,63.519,57.68,34.04,0.98,0.39,0.0,0.12,1.4900000000000002
63622.0,63.622,51.41,32.14,0.65,0.17,0.23,0.05,1.1
63724.0,63.724,53.51,32.79,0.81,0.0,0.0,0.0,0.81
63827.0,63.827,50.78,31.94,0.64,0.0,0.22,0.66,1.52
63930.0,63.93,48.59,31.25,0.92,0.22,0.0,0.0,1.1400000000000001
64032.0,64.032,47.52,30.9,0.84,0.04,0.23,0.25,1.36
64135.0,64.135,42.8,29.32,0.83,0.0,0.0,0.0,0.83
64237.0,64.237,48.75,31.3,1.05,0.47,0.0,0.0,1.52
64340.0,64.34,44.98,30.06,0.71,0.32,0.09,0.0,1.12
64443.0,64.443,45.56,30.26,0.62,0.83,0.35,0.0,1.7999999999999998
64545.0,64.545,48.9,31.35,0.74,0.97,0.32,0.0,2.03
64648.0,64.648,56.17,33.6,0.19,0.0,0.61,0.4,1.2000000000000002
64753.0,64.753,61.85,35.25,0.51,0.1,0.5,0.41,1.5199999999999998
64856.0,64.856,57.86,34.1,0.79,0.44,0.23,0.08,1.54
64958.0,64.958,51.25,32.09,0.23,0.0,0.71,0.63,1.5699999999999998
65060.0,65.06,55.33,33.34,0.59,0.0,0.08,0.43,1.0999999999999999
65163.0,65.163,57.77,34.07,0.54,0.68,0.49,0.0,1.7100000000000002
65265.0,65.265,60.27,34.8,0.98,0.55,0.51,0.0,2.04
65368.0,65.368,57.01,33.85,0.98,0.28,0.33,0.0,1.59
65470.0,65.47,59.75,34.65,0.73,0.41,0.95,0.74,2.83
65572.0,65.572,60.79,34.95,0.47,0.0,0.52,0.06,1.05
65675.0,65.675,60.62,34.9,0.54,0.33,0.02,0.16,1.05
65777.0,65.777,60.09,34.75,0.8,0.02,0.44,0.0,1.26
65880.0,65.88,59.92,34.7,0.38,0.46,0.55,0.0,1.3900000000000001
65982.0,65.982,63.97,35.85,1.07,0.0,0.0,0.32,1.3900000000000001
66084.0,66.084,59.4,34.55,0.85,0.03,0.16,0.0,1.04
66190.0,66.19,59.92,34.7,0.48,0.12,0.43,0.35,1.38
66292.0,66.292,63.44,35.7,0.31,0.0,0.08,0.06,0.45
66395.0,66.395,68.19,37.02,0.58,0.0,0.21,0.0,0.7899999999999999
66497.0,66.497,62.03,35.3,0.89,0.39,0.02,0.0,1.3
66600.0,66.6,59.83,34.67,0.9,0.12,0.41,0.28,1.71
66703.0,66.703,62.46,35.43,0.83,0.32,0.48,0.35,1.98
66805.0,66.805,63.88,35.83,0.32,0.46,0.53,0.0,1.31
66908.0,66.908,60.44,34.85,0.49,0.03,0.55,0.54,1.61
67010.0,67.01,64.88,36.11,0.29,0.08,0.89,0.1,1.36
67113.0,67.113,68.09,36.99,0.74,0.34,0.7,0.28,2.06
67216.0,67.216,72.08,38.06,0.46,0.03,0.52,0.4,1.4100000000000001
67318.0,67.318,64.43,35.98,0.51,0.44,0.5,0.0,1.45
67421.0,67.421,61.05,35.02,0.18,0.0,0.58,0.1,0.86
67526.0,67.526,61.22,35.07,0.72,0.0,0.32,0.91,1.9500000000000002
67629.0,67.629,63.0,35.58,0.82,0.81,0.57,0.0,2.1999999999999997
67731.0,67.731,66.52,36.56,0.31,0.0,0.92,0.47,1.7
67833.0,67.833,75.62,38.98,0.28,0.0,0.72,1.01,2.01
67936.0,67.936,61.93,35.28,0.4,0.0,0.75,0.47,1.6199999999999999
68038.0,68.038,58.63,34.32,0.0,0.42,0.75,0.0,1.17
68141.0,68.141,66.89,36.66,0.65,0.25,0.34,0.07,1.31
68243.0,68.243,67.64,36.87,1.09,0.37,0.0,0.0,1.46
68345.0,68.345,61.4,35.12,0.64,0.58,0.62,0.0,1.8399999999999999
68448.0,68.448,72.47,38.16,0.7,0.22,0.49,0.14,1.5499999999999998
68550.0,68.55,67.82,36.92,0.8,0.5,0.09,0.0,1.3900000000000001
68653.0,68.653,64.07,35.88,0.79,0.97,0.56,0.0,2.3200000000000003
68755.0,68.755,76.62,39.24,0.86,0.64,0.03,0.0,1.53
68860.0,68.86,62.82,35.53,1.37,1.23,0.15,0.0,2.75
68963.0,68.963,63.88,35.83,0.83,0.1,0.33,0.0,1.26
69065.0,69.065,67.16,36.74,0.54,0.18,0.27,0.0,0.99
69168.0,69.168,55.75,33.47,0.68,0.32,0.19,0.07,1.26
69270.0,69.27,54.99,33.24,0.47,0.0,0.16,0.85,1.48
69372.0,69.372,47.22,30.8,0.79,0.22,0.58,0.4,1.9899999999999998
69475.0,69.475,42.02,29.06,0.55,0.0,0.59,0.65,1.79
69577.0,69.577,63.17,35.63,0.75,0.54,0.54,0.0,1.83
69680.0,69.68,54.58,33.12,0.21,0.28,0.86,0.0,1.35
69782.0,69.782,57.1,33.87,0.58,0.0,0.36,0.11,1.05
69884.0,69.884,52.95,32.62,0.54,0.0,0.54,0.63,1.71
69987.0,69.987,53.03,32.64,0.78,0.56,0.66,0.0,2.0
70089.0,70.089,48.06,31.08,1.05,1.04,0.17,0.0,2.26
70195.0,70.195,50.7,31.92,0.59,0.0,0.24,0.35,1.18
70297.0,70.297,42.59,29.25,0.8,0.25,0.07,0.0,1.12
70400.0,70.4,39.23,28.08,0.88,0.27,0.0,0.0,1.15
70502.0,70.502,39.64,28.22,0.91,0.34,0.23,0.0,1.48
70604.0,70.604,45.35,30.19,0.72,0.73,0.36,0.0,1.81
70707.0,70.707,46.85,30.68,0.2,0.0,0.48,0.32,1.0
70809.0,70.809,44.61,29.94,1.2,0.42,0.0,0.0,1.6199999999999999
70912.0,70.912,45.2,30.14,0.81,0.83,0.15,0.1,1.8900000000000001
71014.0,71.014,53.11,32.67,0.52,0.07,0.46,0.0,1.05
71116.0,71.116,55.75,33.47,0.38,0.16,0.6,0.11,1.2500000000000002
71219.0,71.219,60.01,34.72,0.12,0.02,0.44,0.08,0.6599999999999999
71321.0,71.321,64.24,35.93,0.7,0.29,0.48,0.0,1.47
71424.0,71.424,57.43,33.97,0.85,0.09,0.14,0.12,1.2000000000000002
71529.0,71.529,59.83,34.67,0.83,0.01,0.43,0.39,1.6600000000000001
71630.0,71.63,63.0,35.58,0.49,0.16,0.48,0.12,1.25
71732.0,71.732,66.24,36.48,0.47,0.98,0.62,0.0,2.07
71833.0,71.833,60.52,34.87,0.13,0.37,1.04,0.0,1.54
71936.0,71.936,61.4,35.12,0.3,0.0,0.97,0.84,2.11
72037.0,72.037,58.8,34.37,0.09,0.45,0.94,0.0,1.48
72138.0,72.138,58.97,34.42,0.98,1.71,0.91,0.0,3.6
72240.0,72.24,56.93,33.82,0.97,0.91,0.14,0.0,2.02
72341.0,72.341,64.07,35.88,0.42,0.47,0.19,0.0,1.0799999999999998
72442.0,72.442,63.88,35.83,0.62,0.49,0.88,0.12,2.11
72544.0,72.544,70.17,37.55,0.39,0.0,0.66,0.49,1.54
72645.0,72.645,70.93,37.75,0.86,0.4,0.6,0.0,1.8599999999999999
72747.0,72.747,71.89,38.01,0.56,0.66,0.83,0.0,2.0500000000000003
72851.0,72.851,67.9,36.94,0.79,0.0,0.0,0.08,0.87
72952.0,72.952,61.58,35.17,0.27,0.0,0.46,0.28,1.01
73054.0,73.054,62.82,35.53,0.53,0.37,0.5,0.0,1.4
73155.0,73.155,59.14,34.47,0.44,0.43,0.87,0.02,1.76
73257.0,73.257,63.17,35.63,0.28,0.43,0.5,0.0,1.21
73359.0,73.359,73.65,38.47,0.62,0.41,0.87,0.1,2.0
73460.0,73.46,62.64,35.48,0.6,0.29,0.71,0.0,1.5999999999999999
73562.0,73.562,67.35,36.79,0.18,0.0,0.71,0.51,1.4
73663.0,73.663,67.53,36.84,0.63,0.0,0.52,1.74,2.8899999999999997
73764.0,73.764,69.22,37.29,0.77,0.0,0.82,0.7,2.29
73866.0,73.866,72.08,38.06,0.5,0.58,0.56,0.0,1.6400000000000001
73967.0,73.967,79.87,40.06,0.62,0.31,0.81,0.28,2.02
74070.0,74.07,81.31,40.42,0.46,0.63,0.7,0.01,1.8
74174.0,74.174,82.15,40.63,0.76,0.0,0.47,0.63,1.8599999999999999
74275.0,74.275,68.65,37.14,0.21,0.24,0.31,0.0,0.76
74377.0,74.377,73.05,38.31,0.93,0.2,0.0,0.2,1.33
74478.0,74.478,75.02,38.83,1.05,0.0,0.0,0.0,1.05
74580.0,74.58,64.61,36.03,0.78,0.27,0.0,0.0,1.05
74682.0,74.682,56.93,33.82,0.34,0.59,0.97,0.04,1.94
74783.0,74.783,46.85,30.68,0.23,0.2,0.6,0.27,1.3
74885.0,74.885,55.75,33.47,1.09,0.29,0.0,0.0,1.3800000000000001
74986.0,74.986,57.43,33.97,0.51,0.62,0.72,0.0,1.8499999999999999
75087.0,75.087,54.09,32.97,0.63,0.24,0.17,0.0,1.04
75189.0,75.189,50.55,31.87,0.71,0.98,0.57,0.0,2.26
75290.0,75.29,48.83,31.32,0.7,0.7,0.41,0.0,1.8099999999999998
75392.0,75.392,49.92,31.67,1.27,0.89,0.0,0.0,2.16
75496.0,75.496,57.95,34.12,0.78,0.07,0.0,0.0,0.8500000000000001
75597.0,75.597,63.88,35.83,0.7,0.0,0.0,0.1,0.7999999999999999
75699.0,75.699,47.75,30.98,0.91,0.42,0.0,0.0,1.33
75800.0,75.8,55.75,33.47,1.0,0.38,0.0,0.0,1.38
75902.0,75.902,53.43,32.77,0.36,0.0,0.69,0.45,1.4999999999999998
76004.0,76.004,58.28,34.22,0.62,0.21,0.72,0.18,1.7299999999999998
76105.0,76.105,52.3,32.42,0.53,0.0,0.39,0.64,1.56
76207.0,76.207,47.3,30.83,0.76,0.01,0.18,0.03,0.98
76308.0,76.308,49.92,31.67,0.9,0.42,0.45,0.23,2.0
76409.0,76.409,55.75,33.47,0.25,0.0,0.67,0.28,1.2000000000000002
76511.0,76.511,54.75,33.17,0.59,0.57,0.32,0.0,1.48
76612.0,76.612,57.26,33.92,0.97,0.0,0.03,0.5,1.5
76715.0,76.715,57.26,33.92,1.45,1.07,0.0,0.0,2.52
76816.0,76.816,56.25,33.62,0.88,0.0,0.26,0.45,1.59
76920.0,76.92,47.9,31.02,0.62,0.0,0.27,0.99,1.88
77022.0,77.022,46.1,30.43,0.88,0.76,0.29,0.0,1.9300000000000002
77123.0,77.123,57.77,34.07,0.66,0.0,0.34,0.85,1.85
77225.0,77.225,45.35,30.19,0.3,0.19,0.62,0.33,1.44
77327.0,77.327,54.42,33.07,0.29,0.11,0.77,0.89,2.06
77428.0,77.428,45.2,30.14,0.05,0.07,0.67,0.51,1.3
77530.0,77.53,45.35,30.19,0.3,0.42,0.57,0.0,1.29
77631.0,77.631,47.6,30.93,0.4,0.8,0.63,0.0,1.83
77732.0,77.732,46.7,30.63,0.82,0.0,0.0,0.0,0.82
77834.0,77.834,52.46,32.47,0.45,0.24,0.29,0.11,1.09
77935.0,77.935,47.3,30.83,0.63,0.51,0.62,0.02,1.7800000000000002
78038.0,78.038,49.92,31.67,0.28,0.35,0.28,0.0,0.91
78139.0,78.139,55.75,33.47,0.23,0.0,0.55,0.5,1.28
78243.0,78.243,51.18,32.07,0.85,0.58,0.0,0.0,1.43
78345.0,78.345,58.8,34.37,0.94,0.0,0.0,0.22,1.16
78446.0,78.446,61.05,35.02,0.77,0.83,0.08,0.0,1.6800000000000002
78548.0,78.548,60.7,34.92,0.79,1.03,0.41,0.0,2.23
78650.0,78.65,53.93,32.92,0.62,0.56,1.09,0.0,2.2700000000000005
78751.0,78.751,58.63,34.32,0.9,0.13,0.68,0.42,2.13
78853.0,78.853,63.0,35.58,0.54,0.74,0.52,0.0,1.8
78954.0,78.954,56.59,33.72,0.68,0.47,0.45,0.0,1.5999999999999999
79055.0,79.055,53.6,32.82,0.5,0.0,0.16,0.36,1.02
79157.0,79.157,58.45,34.27,0.49,0.0,0.45,0.47,1.41
79258.0,79.258,56.25,33.62,0.45,0.62,0.76,0.0,1.83
79360.0,79.36,61.75,35.23,0.9,0.63,0.0,0.0,1.53
79461.0,79.461,64.79,36.08,1.0,0.57,0.0,0.06,1.63
79565.0,79.565,61.93,35.28,0.4,0.07,0.86,0.21,1.54
79667.0,79.667,68.09,36.99,0.58,0.0,0.8,0.44,1.8199999999999998
79768.0,79.768,64.24,35.93,0.97,0.66,0.07,0.0,1.7
79870.0,79.87,88.78,42.24,0.5,0.0,0.46,1.19,2.15
79972.0,79.972,80.49,40.21,0.79,0.13,0.0,0.0,0.92
80073.0,80.073,80.69,40.27,0.58,0.03,0.59,0.0,1.2
80175.0,80.175,74.04,38.57,0.51,0.0,0.37,1.6,2.48
80276.0,80.276,68.09,36.99,0.37,0.26,0.99,0.24,1.86
80377.0,80.377,73.84,38.52,0.49,0.44,1.16,0.21,2.3
80479.0,80.479,78.03,39.6,0.76,0.15,0.54,0.66,2.1100000000000003
80580.0,80.58,78.64,39.75,0.55,0.0,0.22,0.02,0.79
80683.0,80.683,72.66,38.21,0.93,0.08,0.0,0.0,1.01
80784.0,80.784,63.88,35.83,0.36,0.44,0.22,0.0,1.02
80887.0,80.887,72.86,38.26,1.04,0.43,0.04,0.0,1.51
80989.0,80.989,64.97,36.13,0.58,0.37,0.06,0.0,1.01
81090.0,81.09,76.62,39.24,0.35,0.11,0.46,0.43,1.3499999999999999
81192.0,81.192,64.97,36.13,0.49,0.65,0.59,0.0,1.73
81294.0,81.294,71.12,37.8,0.65,0.14,0.87,0.5,2.16
81395.0,81.395,65.51,36.28,0.31,0.0,0.19,0.0,0.5
81497.0,81.497,62.82,35.53,0.83,0.64,0.33,0.0,1.8
81598.0,81.598,52.3,32.42,0.53,0.93,1.06,0.0,2.52
81699.0,81.699,56.93,33.82,0.38,0.39,0.63,0.0,1.4
81801.0,81.801,51.97,32.32,0.64,1.05,0.74,0.0,2.4299999999999997
81902.0,81.902,56.76,33.77,0.35,0.0,0.59,0.45,1.39
82004.0,82.004,56.59,33.72,0.05,0.32,1.05,0.17,1.5899999999999999
82106.0,82.106,52.14,32.37,0.09,0.14,0.65,0.01,0.89
82210.0,82.21,43.3,29.5,0.49,0.0,0.0,0.0,0.49
82312.0,82.312,44.47,29.89,0.59,0.54,0.23,0.0,1.3599999999999999
82413.0,82.413,38.43,27.79,0.85,0.24,0.29,0.04,1.42
82515.0,82.515,39.59,28.2,0.61,0.0,0.0,0.29,0.8999999999999999
82617.0,82.617,37.3,27.38,0.46,0.05,0.0,0.0,0.51
82718.0,82.718,32.72,25.64,0.61,0.02,0.11,0.0,0.74
82820.0,82.82,54.84,33.19,0.33,0.0,0.18,0.13,0.64
82921.0,82.921,47.6,30.93,0.35,0.0,0.28,0.25,0.88
83022.0,83.022,49.14,31.42,0.82,0.0,0.09,0.28,1.19
83124.0,83.124,42.96,29.38,0.83,0.12,0.22,0.42,1.5899999999999999
83225.0,83.225,45.8,30.34,0.73,0.16,0.12,0.0,1.01
83328.0,83.328,55.17,33.29,0.49,0.08,0.02,0.0,0.59
83429.0,83.429,51.97,32.32,0.84,0.27,0.14,0.0,1.25
83533.0,83.533,50.39,31.82,0.85,0.23,0.0,0.0,1.08
83635.0,83.635,40.97,28.69,0.85,0.0,0.13,0.09,1.07
83736.0,83.736,43.54,29.58,0.35,0.08,0.69,0.45,1.5699999999999998
83838.0,83.838,37.75,27.54,0.67,0.0,0.13,0.13,0.93
83940.0,83.94,42.1,29.08,0.61,0.49,0.29,0.03,1.4200000000000002
84041.0,84.041,49.14,31.42,0.18,0.0,0.49,0.65,1.3199999999999998
84143.0,84.143,48.52,31.22,0.47,0.03,0.01,0.0,0.51
84244.0,84.244,46.1,30.43,0.56,0.37,0.68,0.21,1.82
84345.0,84.345,48.15,31.1,0.51,0.0,0.02,0.0,0.53
84447.0,84.447,58.8,34.37,0.46,0.21,0.31,0.0,0.98
84548.0,84.548,54.18,32.99,0.61,0.02,0.01,0.0,0.64
84651.0,84.651,51.11,32.05,0.65,0.0,0.38,0.72,1.75
84752.0,84.752,65.06,36.16,0.19,0.0,1.02,1.54,2.75
84856.0,84.856,65.61,36.31,0.27,0.0,0.43,0.49,1.19
84958.0,84.958,68.65,37.14,0.67,0.0,0.29,0.21,1.17
85059.0,85.059,59.06,34.45,0.64,0.38,0.11,0.0,1.1300000000000001
85161.0,85.161,61.32,35.1,0.68,0.54,0.11,0.09,1.4200000000000004
85263.0,85.263,64.79,36.08,0.27,0.15,0.94,0.29,1.65
85364.0,85.364,67.82,36.92,0.74,0.85,0.93,0.0,2.52
85466.0,85.466,74.93,38.8,0.42,0.0,0.67,0.3,1.3900000000000001
85567.0,85.567,80.38,40.19,0.65,0.0,0.02,0.52,1.19
85668.0,85.668,71.8,37.98,0.85,0.11,0.47,0.37,1.7999999999999998
85770.0,85.77,78.74,39.78,0.58,0.04,0.51,0.0,1.13
85871.0,85.871,68.09,36.99,0.56,0.36,0.14,0.0,1.06
85974.0,85.974,74.73,38.75,0.23,0.0,0.5,0.13,0.86
86075.0,86.075,63.98,35.85,0.38,0.32,0.87,0.54,2.11
86179.0,86.179,70.26,37.57,0.08,0.03,0.89,0.44,1.44
86281.0,86.281,73.94,38.54,0.74,0.63,0.2,0.02,1.59
86382.0,86.382,63.98,35.85,0.68,0.23,0.42,0.0,1.33
86484.0,86.484,78.95,39.83,0.6,0.69,0.73,0.0,2.02
86586.0,86.586,84.78,41.27,0.81,0.37,0.13,0.0,1.31
86687.0,86.687,70.65,37.68,0.56,0.0,0.46,0.0,1.02
86789.0,86.789,76.72,39.26,0.55,0.2,0.59,0.55,1.89
86890.0,86.89,66.34,36.51,0.46,0.01,0.42,0.63,1.52
86991.0,86.991,69.13,37.27,0.54,0.34,0.0,0.0,0.8800000000000001
87093.0,87.093,62.91,35.55,1.15,0.42,0.17,0.0,1.7399999999999998
87194.0,87.194,68.57,37.12,0.97,0.21,0.29,0.13,1.6
87296.0,87.296,69.32,37.32,0.8,0.0,0.59,0.68,2.0700000000000003
87397.0,87.397,82.87,40.81,0.27,0.0,0.82,0.36,1.4499999999999997
87498.0,87.498,68.38,37.07,0.39,0.22,0.59,0.42,1.6199999999999999
87603.0,87.603,70.84,37.73,0.39,0.28,1.04,0.05,1.76
87704.0,87.704,67.82,36.92,0.65,0.0,0.22,0.3,1.17
87806.0,87.806,66.52,36.56,0.73,0.0,0.01,0.21,0.95
87908.0,87.908,66.15,36.46,0.52,0.56,0.62,0.54,2.24
88009.0,88.009,61.15,35.05,0.61,0.0,0.03,0.06,0.7
88111.0,88.111,54.35,33.05,0.58,0.47,0.0,0.0,1.0499999999999998
88212.0,88.212,47.85,31.01,1.04,0.42,0.0,0.0,1.46
88313.0,88.313,37.97,27.62,0.74,0.4,0.19,0.0,1.33
88415.0,88.415,41.53,28.89,0.32,0.0,0.0,0.3,0.62
88516.0,88.516,43.68,29.63,1.07,0.29,0.0,0.02,1.3800000000000001
88619.0,88.619,38.78,27.91,0.42,0.17,0.26,0.0,0.85
88720.0,88.72,39.45,28.15,0.72,0.0,0.03,0.6,1.35
88821.0,88.821,36.25,26.99,0.21,0.63,0.78,0.0,1.62
88926.0,88.926,37.44,27.43,0.7,0.38,0.5,0.0,1.58
89027.0,89.027,35.99,26.89,0.2,0.45,0.52,0.22,1.39
89129.0,89.129,34.57,26.36,0.33,0.43,0.75,0.0,1.51
89231.0,89.231,37.97,27.62,0.05,0.26,0.9,0.14,1.35
89332.0,89.332,39.18,28.06,0.51,0.04,0.0,0.0,0.55
89434.0,89.434,37.58,27.48,0.46,0.19,0.73,1.03,2.41
89535.0,89.535,44.12,29.77,0.41,0.32,0.53,0.53,1.79
89636.0,89.636,42.53,29.23,0.73,0.92,0.23,0.0,1.88
89738.0,89.738,50.17,31.75,0.51,0.22,0.53,0.39,1.65
89839.0,89.839,51.59,32.2,0.57,0.0,0.22,0.35,1.14
89942.0,89.942,39.59,28.2,0.85,0.0,0.25,0.92,2.02
90043.0,90.043,47.69,30.96,0.42,0.0,0.41,1.11,1.94
90144.0,90.144,36.78,27.18,0.51,0.45,0.57,0.15,1.6799999999999997
90249.0,90.249,51.43,32.15,0.47,0.72,0.36,0.0,1.5499999999999998
90350.0,90.35,49.7,31.6,0.44,0.0,0.17,0.07,0.6799999999999999
90452.0,90.452,45.59,30.27,0.63,0.29,0.21,0.05,1.18
90554.0,90.554,51.91,32.3,0.53,0.58,0.68,0.0,1.79
90655.0,90.655,52.71,32.54,1.09,0.42,0.0,0.0,1.51
90757.0,90.757,51.59,32.2,0.73,0.0,0.0,0.1,0.83
90858.0,90.858,56.01,33.55,0.74,0.0,0.0,0.49,1.23
90959.0,90.959,66.15,36.46,0.31,0.0,0.0,0.1,0.41000000000000003
91061.0,91.061,63.27,35.65,0.56,0.01,0.44,0.0,1.01
91162.0,91.162,68.0,36.96,0.44,0.08,0.49,0.0,1.01
91264.0,91.264,77.32,39.42,0.86,0.47,0.49,0.0,1.82
91365.0,91.365,71.22,37.83,0.69,0.0,0.07,0.0,0.76
91466.0,91.466,72.18,38.08,1.17,0.7,0.0,0.2,2.07
91571.0,91.571,74.93,38.8,0.85,0.67,0.34,0.0,1.86
91672.0,91.672,78.54,39.72,0.82,0.22,0.32,0.09,1.4500000000000002
91774.0,91.774,75.52,38.95,1.07,0.45,0.45,0.23,2.2
91876.0,91.876,69.89,37.47,0.53,0.97,1.08,0.22,2.8000000000000003
91977.0,91.977,71.8,37.98,0.38,0.0,0.32,0.42,1.1199999999999999
92079.0,92.079,63.09,35.6,0.4,0.17,0.67,0.25,1.4900000000000002
92180.0,92.18,70.65,37.68,0.65,0.0,0.55,0.79,1.9900000000000002
92281.0,92.281,64.52,36.01,0.66,0.01,0.62,0.0,1.29
92383.0,92.383,68.0,36.96,1.03,0.66,0.19,0.0,1.88
92484.0,92.484,64.15,35.9,0.28,0.66,0.62,0.0,1.56
92587.0,92.587,66.34,36.51,0.38,0.0,0.54,0.42,1.34
92688.0,92.688,65.43,36.26,0.19,0.01,0.87,0.35,1.42
92789.0,92.789,68.0,36.96,0.65,0.79,0.56,0.0,2.0
92894.0,92.894,88.67,42.21,1.16,0.81,0.0,0.0,1.97
92995.0,92.995,64.15,35.9,0.7,0.19,0.08,0.66,1.63
93097.0,93.097,53.69,32.85,0.98,0.34,0.47,0.0,1.79
93199.0,93.199,60.1,34.75,0.89,0.77,0.17,0.0,1.83
93300.0,93.3,56.01,33.55,0.36,0.0,0.05,0.0,0.41
93402.0,93.402,52.55,32.49,0.97,0.45,0.16,0.0,1.5799999999999998
93503.0,93.503,49.23,31.45,0.53,0.31,0.04,0.0,0.8800000000000001
93604.0,93.604,47.54,30.91,0.9,0.0,0.09,0.72,1.71
93706.0,93.706,46.93,30.71,0.48,0.01,0.54,0.54,1.57
93807.0,93.807,52.39,32.45,0.75,0.21,0.55,0.43,1.94
93910.0,93.91,56.52,33.7,0.27,0.33,0.81,0.17,1.58
94011.0,94.011,59.75,34.65,0.32,0.19,0.99,0.29,1.79
94112.0,94.112,61.5,35.15,0.65,0.0,0.0,0.08,0.73
94217.0,94.217,62.03,35.3,0.63,0.35,0.0,0.0,0.98
94318.0,94.318,51.75,32.25,0.38,1.15,0.82,0.0,2.3499999999999996
94420.0,94.42,58.21,34.2,0.73,0.51,0.83,0.0,2.07
94522.0,94.522,49.85,31.65,1.03,0.89,0.35,0.0,2.27
94623.0,94.623,50.33,31.8,0.44,0.0,0.45,0.21,1.1
94725.0,94.725,59.41,34.55,0.53,0.04,0.71,0.22,1.5
94827.0,94.827,51.28,32.1,0.67,0.19,0.66,0.15,1.67
94928.0,94.928,44.85,30.02,0.13,0.0,1.01,0.73,1.87
95030.0,95.03,48.45,31.2,0.61,0.72,0.73,0.05,2.11
95131.0,95.131,35.86,26.84,0.57,0.33,0.11,0.0,1.01
95233.0,95.233,41.39,28.84,0.64,0.48,0.17,0.0,1.29
95334.0,95.334,39.05,28.01,0.61,0.23,0.95,0.53,2.3200000000000003
95435.0,95.435,37.97,27.62,0.79,0.68,0.5,0.0,1.9700000000000002
95540.0,95.54,43.97,29.72,0.28,0.15,0.07,0.27,0.77
95641.0,95.641,36.9,27.23,0.54,0.17,0.86,0.36,1.9300000000000002
95744.0,95.744,33.06,25.77,1.01,0.6,0.0,0.0,1.6099999999999999
95845.0,95.845,34.95,26.5,1.04,0.27,0.0,0.0,1.31
95946.0,95.946,32.18,25.43,0.17,0.22,0.7,0.0,1.0899999999999999
96048.0,96.048,44.85,30.02,0.74,0.54,0.41,0.17,1.8599999999999999
96149.0,96.149,41.96,29.04,0.4,0.0,0.41,0.0,0.81
96250.0,96.25,39.87,28.3,0.86,0.35,0.11,0.19,1.51
96352.0,96.352,46.93,30.71,0.73,0.0,0.0,0.73,1.46
96453.0,96.453,42.24,29.13,0.62,0.02,0.21,0.19,1.04
96555.0,96.555,45.59,30.27,0.51,0.0,0.21,0.45,1.17
96656.0,96.656,50.01,31.7,0.63,0.61,0.57,0.0,1.81
96757.0,96.757,51.75,32.25,0.47,0.0,0.21,0.0,0.6799999999999999
96859.0,96.859,49.85,31.65,0.43,0.06,0.36,0.56,1.4100000000000001
96958.0,96.958,50.8,31.95,0.9,0.0,0.0,0.03,0.93
97059.0,97.059,48.61,31.25,0.65,0.26,0.0,0.0,0.91
97161.0,97.161,53.36,32.74,0.45,0.7,0.44,0.0,1.5899999999999999
97262.0,97.262,58.55,34.3,0.49,0.12,0.79,0.22,1.6199999999999999
97364.0,97.364,57.02,33.85,0.57,0.22,0.58,0.24,1.6099999999999999
97466.0,97.466,65.61,36.31,0.58,0.0,0.09,0.97,1.64
97567.0,97.567,77.12,39.36,0.81,0.0,0.0,0.0,0.81
97669.0,97.669,87.14,41.84,1.1,0.72,0.04,0.0,1.86
97770.0,97.77,82.67,40.76,0.82,0.34,0.0,0.0,1.16
97871.0,97.871,89.33,42.37,0.8,0.74,0.61,0.9,3.05
97973.0,97.973,88.67,42.21,0.21,0.12,0.48,0.56,1.37
98074.0,98.074,91.32,42.84,0.49,0.21,0.81,0.49,2.0
98176.0,98.176,88.01,42.05,0.37,0.11,0.83,0.08,1.3900000000000001
98280.0,98.28,86.93,41.79,0.93,0.2,0.62,0.44,2.19
98381.0,98.381,83.72,41.01,0.51,0.32,1.03,0.43,2.29
98483.0,98.483,84.78,41.27,0.35,0.39,1.07,0.0,1.81
98584.0,98.584,90.43,42.63,0.9,0.27,0.1,0.0,1.27
98686.0,98.686,83.72,41.01,0.92,0.0,0.26,0.0,1.1800000000000002
98788.0,98.788,73.94,38.54,0.58,0.42,0.55,0.0,1.55
98889.0,98.889,77.52,39.47,0.39,0.41,0.75,0.02,1.57
98991.0,98.991,67.07,36.71,0.59,0.67,0.7,0.0,1.96
99092.0,99.092,83.93,41.07,0.7,0.01,0.08,0.0,0.7899999999999999
99193.0,99.193,71.22,37.83,0.57,0.97,0.59,0.0,2.13
99295.0,99.295,80.38,40.19,0.46,0.0,0.64,0.37,1.4700000000000002
99396.0,99.396,66.34,36.51,0.37,0.0,0.89,0.65,1.9100000000000001
99499.0,99.499,71.99,38.03,0.22,0.1,0.84,0.0,1.16
99603.0,99.603,75.12,38.85,1.0,0.19,0.0,0.0,1.19
99704.0,99.704,71.99,38.03,0.83,0.0,0.0,0.53,1.3599999999999999
99806.0,99.806,70.45,37.62,0.44,0.03,0.0,0.02,0.49
99907.0,99.907,68.0,36.96,0.95,0.4,0.14,0.0,1.4900000000000002
100009.0,100.009,62.47,35.43,0.63,0.0,0.06,0.0,0.69
100111.0,100.111,58.21,34.2,0.56,0.0,0.13,0.38,1.07
100212.0,100.212,47.09,30.76,0.41,0.47,0.57,0.0,1.4499999999999997
100314.0,100.314,47.24,30.81,0.76,0.0,0.09,0.0,0.85
100415.0,100.415,35.6,26.75,0.52,0.02,0.17,0.0,0.7100000000000001
100516.0,100.516,32.43,25.53,0.14,0.0,0.77,0.58,1.49
100618.0,100.618,33.68,26.02,0.06,0.0,0.29,0.93,1.28
100719.0,100.719,33.55,25.97,0.37,0.0,0.14,0.24,0.75
100822.0,100.822,29.86,24.49,0.49,0.0,0.56,0.29,1.34
100926.0,100.926,29.38,24.3,0.67,0.17,0.46,0.0,1.3
101027.0,101.027,35.09,26.55,0.82,0.0,0.41,0.32,1.55
101129.0,101.129,31.07,24.99,0.0,0.0,0.21,0.43,0.64
101230.0,101.23,31.69,25.23,0.47,0.3,0.46,0.28,1.51
101332.0,101.332,20.16,20.13,0.52,0.23,0.4,0.08,1.23
101434.0,101.434,21.37,20.72,0.18,0.17,0.02,0.0,0.37
101535.0,101.535,21.67,20.87,0.1,0.42,0.32,0.02,0.8600000000000001
101637.0,101.637,21.17,20.62,0.34,0.28,0.59,0.0,1.21
101738.0,101.738,21.07,20.57,0.0,0.67,0.32,0.15,1.14
101839.0,101.839,13.61,16.54,0.06,0.26,0.22,0.05,0.5900000000000001
101941.0,101.941,10.3,14.38,0.75,0.01,0.0,0.0,0.76
102042.0,102.042,11.19,14.99,0.41,0.0,0.34,0.27,1.02
102147.0,102.147,13.05,16.2,0.11,0.41,0.18,0.0,0.7
102248.0,102.248,11.8,15.4,0.61,0.28,0.13,0.36,1.38
102349.0,102.349,5.08,10.11,0.63,0.55,0.19,0.0,1.37
102451.0,102.451,8.65,13.19,0.32,0.06,0.31,0.05,0.74
102552.0,102.552,7.74,12.47,0.38,0.09,0.06,0.0,0.53
102654.0,102.654,9.07,13.5,0.49,0.27,0.0,0.06,0.8200000000000001
102756.0,102.756,5.66,10.67,0.58,0.3,0.1,0.0,0.9799999999999999
102857.0,102.857,6.62,11.53,0.72,0.13,0.2,0.0,1.05
102959.0,102.959,4.91,9.94,0.32,0.22,0.17,0.15,0.8600000000000001
103060.0,103.06,5.08,10.11,0.15,0.0,0.15,0.26,0.56
103161.0,103.161,3.72,8.64,0.41,0.28,0.28,0.11,1.08
103263.0,103.263,3.48,8.37,0.51,0.29,0.25,0.0,1.05
103364.0,103.364,3.71,8.63,0.53,0.09,0.29,0.18,1.0899999999999999
103467.0,103.467,3.31,8.16,0.28,0.07,0.05,0.08,0.48000000000000004
103581.0,103.581,3.83,8.77,0.3,0.27,0.0,0.0,0.5700000000000001
103682.0,103.682,3.83,8.77,0.45,0.17,0.03,0.0,0.65
103783.0,103.783,3.43,8.31,0.61,0.0,0.31,0.04,0.96
103884.0,103.884,5.03,10.06,0.42,0.0,0.35,0.29,1.06
103986.0,103.986,3.95,8.9,0.47,0.0,0.28,0.19,0.94
104087.0,104.087,3.14,7.95,0.34,0.28,0.0,0.1,0.7200000000000001
104188.0,104.188,2.75,7.43,0.33,0.15,0.09,0.29,0.8599999999999999
104290.0,104.29,4.17,9.15,0.35,0.0,0.36,0.13,0.84
104391.0,104.391,-0.9,0.0,0.37,0.09,0.0,0.19,0.6499999999999999
104492.0,104.492,2.35,6.87,0.45,0.0,0.17,0.19,0.81
104593.0,104.593,0.42,2.89,0.42,0.14,0.21,0.21,0.98
104694.0,104.694,1.15,4.82,0.33,0.22,0.12,0.2,0.8700000000000001
104796.0,104.796,1.5,5.49,0.28,0.07,0.15,0.21,0.71
104899.0,104.899,1.84,6.08,0.34,0.0,0.02,0.04,0.4
105001.0,105.001,3.89,8.84,0.28,0.0,0.24,0.0,0.52
105103.0,105.103,2.29,6.78,0.35,0.11,0.04,0.0,0.49999999999999994
105204.0,105.204,3.54,8.44,0.49,0.24,0.08,0.0,0.8099999999999999
105306.0,105.306,2.52,7.12,0.06,0.23,0.12,0.0,0.41000000000000003
105407.0,105.407,0.02,0.58,0.31,0.03,0.37,0.0,0.71
105508.0,105.508,4.12,9.09,0.66,0.0,0.0,0.0,0.66
105610.0,105.61,1.78,5.99,0.49,0.24,0.56,0.18,1.47
105711.0,105.711,2.58,7.2,0.45,0.05,0.48,0.25,1.23
105814.0,105.814,2.86,7.58,0.7,0.0,0.0,0.01,0.71
105915.0,105.915,-4.27,0.0,0.52,0.0,0.12,0.0,0.64
106015.0,106.015,2.98,7.73,0.48,0.13,0.21,0.13,0.95
106117.0,106.117,3.54,8.43,0.19,0.04,0.28,0.26,0.77
106218.0,106.218,-1.95,0.0,0.43,0.16,0.34,0.09,1.02
106321.0,106.321,0.64,3.58,0.34,0.0,0.52,0.42,1.28
106423.0,106.423,-1.53,0.0,0.15,0.05,0.05,0.29,0.54
106523.0,106.523,1.09,4.68,0.35,0.0,0.09,0.23,0.6699999999999999
106625.0,106.625,1.33,5.16,0.46,0.12,0.03,0.02,0.6300000000000001
106726.0,106.726,-3.01,0.0,0.26,0.18,0.17,0.2,0.81
106826.0,106.826,1.61,5.68,0.4,0.05,0.33,0.0,0.78
106928.0,106.928,0.93,4.32,0.43,0.06,0.05,0.0,0.54
107029.0,107.029,-1.11,0.0,0.42,0.16,0.0,0.0,0.58
107129.0,107.129,0.64,3.58,0.39,0.09,0.14,0.0,0.62
107231.0,107.231,0.87,4.18,0.36,0.06,0.18,0.0,0.6
107332.0,107.332,0.36,2.68,0.35,0.0,0.1,0.0,0.44999999999999996
107435.0,107.435,0.13,1.61,0.32,0.05,0.1,0.0,0.47
107536.0,107.536,-0.69,0.0,0.23,0.16,0.23,0.05,0.67
107639.0,107.639,-3.01,0.0,0.33,0.17,0.22,0.12,0.84
107740.0,107.74,0.81,4.04,0.32,0.15,0.17,0.04,0.68
107841.0,107.841,-4.27,0.0,0.35,0.14,0.18,0.04,0.71
107941.0,107.941,-3.85,0.0,0.34,0.16,0.26,0.07,0.8300000000000001
108042.0,108.042,-3.01,0.0,0.38,0.2,0.22,0.0,0.8
108142.0,108.142,0.13,1.61,0.32,0.19,0.16,0.0,0.67
108244.0,108.244,0.13,1.61,0.32,0.16,0.2,0.02,0.7
108346.0,108.346,0.24,2.18,0.31,0.13,0.23,0.04,0.7100000000000001
108447.0,108.447,-1.11,0.0,0.31,0.14,0.23,0.06,0.74
108548.0,108.548,-4.27,0.0,0.3,0.14,0.21,0.06,0.71
108648.0,108.648,-0.48,0.0,0.32,0.14,0.21,0.02,0.6900000000000001
108748.0,108.748,-0.27,0.0,0.3,0.15,0.2,0.03,0.6799999999999999
108849.0,108.849,-0.48,0.0,0.33,0.14,0.21,0.03,0.7100000000000001
108949.0,108.949,0.02,0.58,0.28,0.17,0.21,0.04,0.7000000000000001
109054.0,109.054,-1.11,0.0,0.28,0.17,0.21,0.01,0.67
109155.0,109.155,-3.85,0.0,0.28,0.17,0.23,0.0,0.68
109255.0,109.255,0.18,1.92,0.29,0.16,0.24,0.01,0.7
109357.0,109.357,-0.48,0.0,0.29,0.16,0.25,0.0,0.7
109457.0,109.457,-0.08,0.0,0.27,0.17,0.23,0.0,0.67
109557.0,109.557,-2.8,0.0,0.29,0.16,0.24,0.0,0.69
109658.0,109.658,-3.01,0.0,0.28,0.17,0.24,0.0,0.6900000000000001
109758.0,109.758,-1.95,0.0,0.28,0.17,0.23,0.0,0.68
109858.0,109.858,-1.11,0.0,0.28,0.17,0.24,0.0,0.6900000000000001
109959.0,109.959,-1.11,0.0,0.28,0.18,0.23,0.0,0.6900000000000001
110059.0,110.059,0.02,0.58,0.3,0.17,0.25,0.01,0.73
110160.0,110.16,-1.11,0.0,0.29,0.15,0.25,0.01,0.7
110261.0,110.261,0.24,2.18,0.28,0.16,0.22,0.01,0.67
110365.0,110.365,-0.08,0.0,0.3,0.17,0.23,0.0,0.7
110466.0,110.466,-1.53,0.0,0.29,0.17,0.24,0.02,0.72
110566.0,110.566,-1.95,0.0,0.29,0.17,0.22,0.01,0.69
110666.0,110.666,-4.27,0.0,0.3,0.16,0.25,0.02,0.73
110767.0,110.767,-3.85,0.0,0.29,0.17,0.23,0.01,0.7
110867.0,110.867,-3.85,0.0,0.3,0.17,0.25,0.02,0.74
110967.0,110.967,-4.27,0.0,0.29,0.18,0.23,0.01,0.71
111068.0,111.068,-4.27,0.0,0.31,0.17,0.23,0.01,0.72
111168.0,111.168,-4.27,0.0,0.29,0.18,0.24,0.01,0.72
111268.0,111.268,-4.27,0.0,0.3,0.17,0.23,0.01,0.71
111369.0,111.369,-4.27,0.0,0.31,0.17,0.25,0.01,0.74
111469.0,111.469,-4.27,0.0,0.29,0.17,0.23,0.01,0.7
111569.0,111.569,-4.27,0.0,0.3,0.16,0.25,0.01,0.72
111673.0,111.673,-4.27,0.0,0.3,0.18,0.22,0.01,0.71
111773.0,111.773,-4.27,0.0,0.34,0.16,0.25,0.02,0.77
111874.0,111.874,-4.27,0.0,0.29,0.17,0.22,0.01,0.69
111974.0,111.974,-4.27,0.0,0.3,0.17,0.23,0.01,0.71
112074.0,112.074,-3.22,0.0,0.3,0.17,0.25,0.01,0.73
112175.0,112.175,-2.38,0.0,0.3,0.17,0.23,0.01,0.71
112275.0,112.275,-0.69,0.0,0.3,0.17,0.25,0.02,0.74
112375.0,112.375,-1.11,0.0,0.29,0.17,0.23,0.02,0.71
112476.0,112.476,-2.38,0.0,0.3,0.18,0.24,0.01,0.73
112576.0,112.576,-2.38,0.0,0.3,0.18,0.23,0.01,0.72
112676.0,112.676,-3.01,0.0,0.3,0.16,0.25,0.02,0.73
112777.0,112.777,-2.38,0.0,0.3,0.17,0.23,0.01,0.71
112877.0,112.877,-3.22,0.0,0.31,0.16,0.24,0.01,0.72
112977.0,112.977,-3.64,0.0,0.29,0.18,0.23,0.02,0.72
113081.0,113.081,-3.85,0.0,0.3,0.16,0.24,0.02,0.72
113181.0,113.181,-2.8,0.0,0.29,0.18,0.23,0.02,0.72
113282.0,113.282,-2.38,0.0,0.31,0.16,0.25,0.02,0.74
113382.0,113.382,-3.64,0.0,0.29,0.17,0.23,0.02,0.71
113482.0,113.482,-4.27,0.0,0.31,0.16,0.24,0.01,0.72
113592.0,113.592,-3.85,0.0,0.31,0.17,0.24,0.02,0.74
113692.0,113.692,-2.38,0.0,0.29,0.17,0.23,0.03,0.72
113793.0,113.793,-3.85,0.0,0.31,0.16,0.24,0.03,0.74
113893.0,113.893,-2.8,0.0,0.29,0.18,0.23,0.02,0.72
113993.0,113.993,-3.22,0.0,0.31,0.16,0.25,0.03,0.75
114094.0,114.094,-2.38,0.0,0.3,0.18,0.23,0.02,0.73
114194.0,114.194,-2.8,0.0,0.31,0.17,0.24,0.02,0.74
114294.0,114.294,-1.95,0.0,0.29,0.18,0.24,0.02,0.73
114398.0,114.398,-1.53,0.0,0.27,0.17,0.23,0.02,0.6900000000000001
114498.0,114.498,-0.9,0.0,0.31,0.17,0.25,0.02,0.75
114598.0,114.598,-1.11,0.0,0.29,0.17,0.23,0.02,0.71
114699.0,114.699,-0.69,0.0,0.3,0.16,0.25,0.03,0.74
114799.0,114.799,-0.69,0.0,0.3,0.17,0.23,0.03,0.73
114900.0,114.9,0.42,2.89,0.31,0.16,0.25,0.03,0.75
115002.0,115.002,0.18,1.92,0.3,0.18,0.22,0.01,0.71
115103.0,115.103,0.02,0.58,0.31,0.16,0.25,0.03,0.75
115205.0,115.205,-0.69,0.0,0.3,0.18,0.22,0.02,0.72
115305.0,115.305,-0.48,0.0,0.32,0.16,0.25,0.03,0.76
115405.0,115.405,-0.27,0.0,0.3,0.17,0.22,0.03,0.72
115506.0,115.506,0.18,1.92,0.32,0.16,0.26,0.03,0.77
115607.0,115.607,0.13,1.61,0.3,0.17,0.22,0.03,0.72
115708.0,115.708,0.3,2.44,0.31,0.16,0.24,0.04,0.75
115813.0,115.813,0.24,2.18,0.32,0.17,0.24,0.03,0.76
115914.0,115.914,-0.48,0.0,0.29,0.17,0.23,0.04,0.73
116015.0,116.015,-0.08,0.0,0.31,0.16,0.26,0.04,0.77
116115.0,116.115,0.02,0.58,0.3,0.18,0.22,0.04,0.74
116216.0,116.216,-0.48,0.0,0.31,0.16,0.25,0.03,0.75
116317.0,116.317,-0.08,0.0,0.29,0.18,0.22,0.03,0.72
116417.0,116.417,0.18,1.92,0.31,0.17,0.26,0.03,0.77
116518.0,116.518,0.13,1.61,0.29,0.18,0.23,0.03,0.73
116620.0,116.62,0.42,2.89,0.31,0.16,0.26,0.03,0.76
116721.0,116.721,0.13,1.61,0.29,0.18,0.22,0.04,0.73
116823.0,116.823,-0.08,0.0,0.32,0.16,0.25,0.04,0.77
116923.0,116.923,-0.48,0.0,0.3,0.18,0.22,0.04,0.74
117023.0,117.023,0.02,0.58,0.32,0.17,0.24,0.03,0.76
117128.0,117.128,0.13,1.61,0.3,0.16,0.23,0.04,0.73
117229.0,117.229,0.18,1.92,0.3,0.16,0.23,0.04,0.73
117331.0,117.331,-0.9,0.0,0.31,0.17,0.25,0.05,0.78
117432.0,117.432,-0.48,0.0,0.29,0.18,0.23,0.04,0.74
117532.0,117.532,0.18,1.92,0.31,0.18,0.25,0.04,0.78
117634.0,117.634,0.02,0.58,0.29,0.18,0.23,0.04,0.74
117735.0,117.735,0.13,1.61,0.32,0.17,0.25,0.04,0.78
117836.0,117.836,0.13,1.61,0.29,0.18,0.23,0.05,0.75
117938.0,117.938,0.02,0.58,0.3,0.16,0.25,0.05,0.76
118039.0,118.039,-1.53,0.0,0.3,0.18,0.24,0.04,0.76
118139.0,118.139,-4.27,0.0,0.31,0.17,0.25,0.05,0.78
118240.0,118.24,-4.07,0.0,0.29,0.19,0.23,0.04,0.75
118340.0,118.34,-3.43,0.0,0.32,0.17,0.26,0.04,0.79
118441.0,118.441,-1.32,0.0,0.29,0.18,0.23,0.05,0.75
118545.0,118.545,-1.75,0.0,0.31,0.17,0.24,0.04,0.76
118645.0,118.645,0.87,4.18,0.3,0.18,0.24,0.04,0.76
118747.0,118.747,-1.11,0.0,0.3,0.17,0.24,0.05,0.76
118847.0,118.847,-4.27,0.0,0.31,0.18,0.25,0.05,0.79
118947.0,118.947,0.24,2.18,0.31,0.18,0.24,0.05,0.78
119049.0,119.049,0.87,4.18,0.31,0.17,0.24,0.05,0.77
119150.0,119.15,0.93,4.32,0.3,0.17,0.23,0.05,0.75
119252.0,119.252,0.24,2.18,0.33,0.17,0.25,0.05,0.8
,0.0,,,,,,,0.0
,0.0,,,,,,,0.0
,0.0,,,,,,,0.0
,0.0,,,,,,,0.0
,0.0,,,,,,,0.0
,0.0,,,,,,,0.0
,0.0,,,,,,,0.0
,0.0,,,,,,,0.0
,0.0,,,,,,,0.0
,0.0,,,,,,,0.0
,0.0,,,,,,,0.0
,0.0,,,,,,,0.0
,0.0,,,,,,,0.0
,0.0,,,,,,,0.0
,0.0,,,,,,,0.0
,0.0,,,,,,,0.0
,0.0,,,,,,,0.0
,0.0,,,,,,,0.0
,0.0,,,,,,,0.0
,0.0,,,,,,,0.0
,0.0,,,,,,,0.0
,0.0,,,,,,,0.0
,0.0,,,,,,,0.0
,0.0,,,,,,,0.0
,0.0,,,,,,,0.0
,0.0,,,,,,,0.0
,0.0,,,,,,,0.0
,0.0,,,,,,,0.0
,0.0,,,,,,,0.0
,0.0,,,,,,,0.0
,0.0,,,,,,,0.0
,0.0,,,,,,,0.0
,0.0,,,,,,,0.0
,0.0,,,,,,,0.0
,0.0,,,,,,,0.0
,0.0,,,,,,,0.0
,0.0,,,,,,,0.0
,0.0,,,,,,,0.0
,0.0,,,,,,,0.0
,0.0,,,,,,,0.0
,0.0,,,,,,,0.0
,0.0,,,,,,,0.0
,0.0,,,,,,,0.0
,0.0,,,,,,,0.0
,0.0,,,,,,,0.0
,0.0,,,,,,,0.0
,0.0,,,,,,,0.0
,0.0,,,,,,,0.0
,0.0,,,,,,,0.0
,0.0,,,,,,,0.0
,0.0,,,,,,,0.0
,0.0,,,,,,,0.0
,0.0,,,,,,,0.0
,0.0,,,,,,,0.0
,0.0,,,,,,,0.0
,0.0,,,,,,,0.0
,0.0,,,,,,,0.0
,0.0,,,,,,,0.0
,0.0,,,,,,,0.0
,0.0,,,,,,,0.0
,0.0,,,,,,,0.0
,0.0,,,,,,,0.0
,0.0,,,,,,,0.0
,0.0,,,,,,,0.0
,0.0,,,,,,,0.0
,0.0,,,,,,,0.0
,0.0,,,,,,,0.0
,0.0,,,,,,,0.0
,0.0,,,,,,,0.0
,0.0,,,,,,,0.0
,0.0,,,,,,,0.0
,0.0,,,,,,,0.0
,0.0,,,,,,,0.0
,0.0,,,,,,,0.0
,0.0,,,,,,,0.0
,0.0,,,,,,,0.0
,0.0,,,,,,,0.0
,0.0,,,,,,,0.0
,0.0,,,,,,,0.0
,0.0,,,,,,,0.0
,0.0,,,,,,,0.0
,0.0,,,,,,,0.0
,0.0,,,,,,,0.0
,0.0,,,,,,,0.0
,0.0,,,,,,,0.0
,0.0,,,,,,,0.0
,0.0,,,,,,,0.0
,0.0,,,,,,,0.0
,0.0,,,,,,,0.0
,0.0,,,,,,,0.0
,0.0,,,,,,,0.0
,0.0,,,,,,,0.0
,0.0,,,,,,,0.0
,0.0,,,,,,,0.0
,0.0,,,,,,,0.0
,0.0,,,,,,,0.0
,0.0,,,,,,,0.0
,0.0,,,,,,,0.0
,0.0,,,,,,,0.0
,0.0,,,,,,,0.0
,0.0,,,,,,,0.0
,0.0,,,,,,,0.0
,0.0,,,,,,,0.0
,0.0,,,,,,,0.0
,0.0,,,,,,,0.0
,0.0,,,,,,,0.0
,0.0,,,,,,,0.0
,0.0,,,,,,,0.0
,0.0,,,,,,,0.0
,0.0,,,,,,,0.0
,0.0,,,,,,,0.0
,0.0,,,,,,,0.0
,0.0,,,,,,,0.0
,0.0,,,,,,,0.0
,0.0,,,,,,,0.0
,0.0,,,,,,,0.0
,0.0,,,,,,,0.0
,0.0,,,,,,,0.0
,0.0,,,,,,,0.0
,0.0,,,,,,,0.0
,0.0,,,,,,,0.0
,0.0,,,,,,,0.0
,0.0,,,,,,,0.0
,0.0,,,,,,,0.0
,0.0,,,,,,,0.0
,0.0,,,,,,,0.0
,0.0,,,,,,,0.0
,0.0,,,,,,,0.0
,0.0,,,,,,,0.0
,0.0,,,,,,,0.0
,0.0,,,,,,,0.0
,0.0,,,,,,,0.0
,0.0,,,,,,,0.0
,0.0,,,,,,,0.0
,0.0,,,,,,,0.0
,0.0,,,,,,,0.0
,0.0,,,,,,,0.0
,0.0,,,,,,,0.0
,0.0,,,,,,,0.0
,0.0,,,,,,,0.0
,0.0,,,,,,,0.0
,0.0,,,,,,,0.0
,0.0,,,,,,,0.0
,0.0,,,,,,,0.0
,0.0,,,,,,,0.0
,0.0,,,,,,,0.0
,0.0,,,,,,,0.0
,0.0,,,,,,,0.0
,0.0,,,,,,,0.0
,0.0,,,,,,,0.0
,0.0,,,,,,,0.0
,0.0,,,,,,,0.0
,0.0,,,,,,,0.0
,0.0,,,,,,,0.0
,0.0,,,,,,,0.0
,0.0,,,,,,,0.0
,0.0,,,,,,,0.0
,0.0,,,,,,,0.0
,0.0,,,,,,,0.0
,0.0,,,,,,,0.0
,0.0,,,,,,,0.0
,0.0,,,,,,,0.0
,0.0,,,,,,,0.0
,0.0,,,,,,,0.0
,0.0,,,,,,,0.0
,0.0,,,,,,,0.0
,0.0,,,,,,,0.0
,0.0,,,,,,,0.0
,0.0,,,,,,,0.0
,0.0,,,,,,,0.0
,0.0,,,,,,,0.0
,0.0,,,,,,,0.0
,0.0,,,,,,,0.0
,0.0,,,,,,,0.0
,0.0,,,,,,,0.0
,0.0,,,,,,,0.0
,0.0,,,,,,,0.0
,0.0,,,,,,,0.0
,0.0,,,,,,,0.0
,0.0,,,,,,,0.0
,0.0,,,,,,,0.0
,0.0,,,,,,,0.0
,0.0,,,,,,,0.0
,0.0,,,,,,,0.0
,0.0,,,,,,,0.0
,0.0,,,,,,,0.0
,0.0,,,,,,,0.0
,0.0,,,,,,,0.0
,0.0,,,,,,,0.0
,0.0,,,,,,,0.0
,0.0,,,,,,,0.0
,0.0,,,,,,,0.0
,0.0,,,,,,,0.0
,0.0,,,,,,,0.0
,0.0,,,,,,,0.0
,0.0,,,,,,,0.0
,0.0,,,,,,,0.0
,0.0,,,,,,,0.0
,0.0,,,,,,,0.0
,0.0,,,,,,,0.0
,0.0,,,,,,,0.0
,0.0,,,,,,,0.0
,0.0,,,,,,,0.0
,0.0,,,,,,,0.0
,0.0,,,,,,,0.0
,0.0,,,,,,,0.0
,0.0,,,,,,,0.0
,0.0,,,,,,,0.0
,0.0,,,,,,,0.0
,0.0,,,,,,,0.0
,0.0,,,,,,,0.0
,0.0,,,,,,,0.0
,0.0,,,,,,,0.0
,0.0,,,,,,,0.0
,0.0,,,,,,,0.0
,0.0,,,,,,,0.0
,0.0,,,,,,,0.0
,0.0,,,,,,,0.0
,0.0,,,,,,,0.0
,0.0,,,,,,,0.0
,0.0,,,,,,,0.0
,0.0,,,,,,,0.0
,0.0,,,,,,,0.0
,0.0,,,,,,,0.0
,0.0,,,,,,,0.0
,0.0,,,,,,,0.0
,0.0,,,,,,,0.0
,0.0,,,,,,,0.0
,0.0,,,,,,,0.0
,0.0,,,,,,,0.0
,0.0,,,,,,,0.0
,0.0,,,,,,,0.0
,0.0,,,,,,,0.0
,0.0,,,,,,,0.0
,0.0,,,,,,,0.0
,0.0,,,,,,,0.0
,0.0,,,,,,,0.0
,0.0,,,,,,,0.0
,0.0,,,,,,,0.0
,0.0,,,,,,,0.0
,0.0,,,,,,,0.0
,0.0,,,,,,,0.0
,0.0,,,,,,,0.0
,0.0,,,,,,,0.0
,0.0,,,,,,,0.0
,0.0,,,,,,,0.0
,0.0,,,,,,,0.0
,0.0,,,,,,,0.0
,0.0,,,,,,,0.0
,0.0,,,,,,,0.0
,0.0,,,,,,,0.0
,0.0,,,,,,,0.0
,0.0,,,,,,,0.0
,0.0,,,,,,,0.0
,0.0,,,,,,,0.0
,0.0,,,,,,,0.0
,0.0,,,,,,,0.0
,0.0,,,,,,,0.0
,0.0,,,,,,,0.0
,0.0,,,,,,,0.0
,0.0,,,,,,,0.0
,0.0,,,,,,,0.0
,0.0,,,,,,,0.0
,0.0,,,,,,,0.0
,0.0,,,,,,,0.0
,0.0,,,,,,,0.0
,0.0,,,,,,,0.0
,0.0,,,,,,,0.0
,0.0,,,,,,,0.0
,0.0,,,,,,,0.0
,0.0,,,,,,,0.0
,0.0,,,,,,,0.0
,0.0,,,,,,,0.0
,0.0,,,,,,,0.0
,0.0,,,,,,,0.0
,0.0,,,,,,,0.0
,0.0,,,,,,,0.0
,0.0,,,,,,,0.0
,0.0,,,,,,,0.0
,0.0,,,,,,,0.0
,0.0,,,,,,,0.0
,0.0,,,,,,,0.0
,0.0,,,,,,,0.0
,0.0,,,,,,,0.0
,0.0,,,,,,,0.0
,0.0,,,,,,,0.0
,0.0,,,,,,,0.0
,0.0,,,,,,,0.0
,0.0,,,,,,,0.0
,0.0,,,,,,,0.0
,0.0,,,,,,,0.0
,0.0,,,,,,,0.0
,0.0,,,,,,,0.0
,0.0,,,,,,,0.0
,0.0,,,,,,,0.0
,0.0,,,,,,,0.0
,0.0,,,,,,,0.0
,0.0,,,,,,,0.0
,0.0,,,,,,,0.0
,0.0,,,,,,,0.0
,0.0,,,,,,,0.0
,0.0,,,,,,,0.0
,0.0,,,,,,,0.0
,0.0,,,,,,,0.0
,0.0,,,,,,,0.0
,0.0,,,,,,,0.0
,0.0,,,,,,,0.0
,0.0,,,,,,,0.0
,0.0,,,,,,,0.0
,0.0,,,,,,,0.0
,0.0,,,,,,,0.0
,0.0,,,,,,,0.0
,0.0,,,,,,,0.0
,0.0,,,,,,,0.0
,0.0,,,,,,,0.0
,0.0,,,,,,,0.0
,0.0,,,,,,,0.0
,0.0,,,,,,,0.0
,0.0,,,,,,,0.0
,0.0,,,,,,,0.0
,0.0,,,,,,,0.0
,0.0,,,,,,,0.0
,0.0,,,,,,,0.0
,0.0,,,,,,,0.0
,0.0,,,,,,,0.0
,0.0,,,,,,,0.0
,0.0,,,,,,,0.0
,0.0,,,,,,,0.0
,0.0,,,,,,,0.0
,0.0,,,,,,,0.0
,0.0,,,,,,,0.0
,0.0,,,,,,,0.0
,0.0,,,,,,,0.0
,0.0,,,,,,,0.0
,0.0,,,,,,,0.0
,0.0,,,,,,,0.0
,0.0,,,,,,,0.0
,0.0,,,,,,,0.0
,0.0,,,,,,,0.0
,0.0,,,,,,,0.0
,0.0,,,,,,,0.0
,0.0,,,,,,,0.0
,0.0,,,,,,,0.0
,0.0,,,,,,,0.0
,0.0,,,,,,,0.0
,0.0,,,,,,,0.0
,0.0,,,,,,,0.0
,0.0,,,,,,,0.0
,0.0,,,,,,,0.0
,0.0,,,,,,,0.0
,0.0,,,,,,,0.0
,0.0,,,,,,,0.0
,0.0,,,,,,,0.0
,0.0,,,,,,,0.0
,0.0,,,,,,,0.0
,0.0,,,,,,,0.0
,0.0,,,,,,,0.0
,0.0,,,,,,,0.0
,0.0,,,,,,,0.0
,0.0,,,,,,,0.0
,0.0,,,,,,,0.0
,0.0,,,,,,,0.0
,0.0,,,,,,,0.0
,0.0,,,,,,,0.0
,0.0,,,,,,,0.0
,0.0,,,,,,,0.0
,0.0,,,,,,,0.0
,0.0,,,,,,,0.0
,0.0,,,,,,,0.0
,0.0,,,,,,,0.0
,0.0,,,,,,,0.0
,0.0,,,,,,,0.0
,0.0,,,,,,,0.0
,0.0,,,,,,,0.0
,0.0,,,,,,,0.0
,0.0,,,,,,,0.0
,0.0,,,,,,,0.0
,0.0,,,,,,,0.0
,0.0,,,,,,,0.0
,0.0,,,,,,,0.0
,0.0,,,,,,,0.0
,0.0,,,,,,,0.0
,0.0,,,,,,,0.0
,0.0,,,,,,,0.0
,0.0,,,,,,,0.0
,0.0,,,,,,,0.0
,0.0,,,,,,,0.0
,0.0,,,,,,,0.0
,0.0,,,,,,,0.0
,0.0,,,,,,,0.0
,0.0,,,,,,,0.0
,0.0,,,,,,,0.0
,0.0,,,,,,,0.0
,0.0,,,,,,,0.0
,0.0,,,,,,,0.0
,0.0,,,,,,,0.0
,0.0,,,,,,,0.0
,0.0,,,,,,,0.0
,0.0,,,,,,,0.0
,0.0,,,,,,,0.0
,0.0,,,,,,,0.0
,0.0,,,,,,,0.0
,0.0,,,,,,,0.0
,0.0,,,,,,,0.0
,0.0,,,,,,,0.0
,0.0,,,,,,,0.0
,0.0,,,,,,,0.0
,0.0,,,,,,,0.0
,0.0,,,,,,,0.0
,0.0,,,,,,,0.0
,0.0,,,,,,,0.0
,0.0,,,,,,,0.0
,0.0,,,,,,,0.0
,0.0,,,,,,,0.0
,0.0,,,,,,,0.0
,0.0,,,,,,,0.0
,0.0,,,,,,,0.0
,0.0,,,,,,,0.0
,0.0,,,,,,,0.0
,0.0,,,,,,,0.0
,0.0,,,,,,,0.0
,0.0,,,,,,,0.0
,0.0,,,,,,,0.0
,0.0,,,,,,,0.0
,0.0,,,,,,,0.0
,0.0,,,,,,,0.0
,0.0,,,,,,,0.0
